,name,formFactor,socket,chipset,ramType,ramSlots,ramFreq,maxRam,powerPin,price,link
0,MSI H510M-A PRO,mATX,LGA 1200,Intel H510,DDR4 ,2,3200,64,24+8 ,5490,https://www.citilink.ru/product/materinskaya-plata-msi-h510m-a-pro-soc-1200-intel-h510-2xddr4-matx-ac-1564800/
1,GIGABYTE H410M H V2,mATX,LGA 1200,Intel H470,DDR4 ,2,2933,64,24+8 ,4990,https://www.citilink.ru/product/materinskaya-plata-gigabyte-h410m-h-v2-soc-1200-intel-h470-2xddr4-matx-1530431/
2,ASUS PRIME H510M-K,mATX,LGA 1200,Intel H510,DDR4 ,2,2933,64,24+8 ,6190,https://www.citilink.ru/product/materinskaya-plata-asus-prime-h510m-k-soc-1200-intel-h510-2xddr4-matx-1498864/
3,GIGABYTE H510M H,mATX,LGA 1200,Intel H510,DDR4 ,2,3200,64,24+8 ,5590,https://www.citilink.ru/product/materinskaya-plata-gigabyte-h510m-h-soc-1200-intel-h510-2xddr4-matx-ac-1507912/
4,ASROCK H510M-HVS R2.0,mATX,LGA 1200,Intel H510,DDR4 ,2,3200,64,24+8 ,5290,https://www.citilink.ru/product/materinskaya-plata-asrock-h510m-hvs-r2-0-soc-1200-intel-h510-2xddr4-ma-1598716/
5,MSI PRO H610M-E DDR4,mATX,LGA 1700,Intel H610,DDR4 ,2,3200,64,24+8 ,6190,https://www.citilink.ru/product/materinskaya-plata-msi-pro-h610m-e-ddr4-soc-1700-intel-h610-2xddr4-mat-1845409/
6,GIGABYTE B550M DS3H,mATX,AM4,AMD B550,DDR4 ,4,3200,128,24+8 ,8990,https://www.citilink.ru/product/materinskaya-plata-gigabyte-b550m-ds3h-soc-am4-amd-b550-4xddr4-matx-ac-1407213/
7,GIGABYTE B550 GAMING X V2,ATX,AM4,AMD B550,DDR4 ,4,3200,128,24+8 ,10490,https://www.citilink.ru/product/materinskaya-plata-gigabyte-b550-gaming-x-v2-soc-am4-amd-b550-4xddr4-a-1621477/
8,GIGABYTE H610M S2H DDR4,mATX,LGA 1700,Intel H610,DDR4 ,2,3200,64,24+8 ,7090,https://www.citilink.ru/product/materinskaya-plata-gigabyte-h610m-s2h-ddr4-soc-1700-intel-h610-2xddr4-1670353/
9,MSI H510M PRO-E,mATX,LGA 1200,Intel H510,DDR4 ,2,3200,64,24+8 ,7350,https://www.citilink.ru/product/materinskaya-plata-msi-h510m-pro-e-soc-1200-intel-h510-2xddr4-matx-ac-1602238/
10,ASROCK H510M-HDV R2.0,mATX,LGA 1200,Intel H510,DDR4 ,2,3200,64,24+8 ,5490,https://www.citilink.ru/product/materinskaya-plata-asrock-h510m-hdv-r2-0-soc-1200-intel-h510-2xddr4-ma-1658953/
11,GIGABYTE A520M H,mATX,AM4,AMD A520,DDR4 ,2,3200,32,24+8 ,5890,https://www.citilink.ru/product/materinskaya-plata-gigabyte-a520m-h-soc-am4-amd-a520-2xddr4-matx-ac-97-1405122/
12,ASUS PRIME B660M-K D4,mATX,LGA 1700,Intel B660,DDR4 ,2,3200,64,24+8 ,9390,https://www.citilink.ru/product/materinskaya-plata-asus-prime-b660m-k-d4-soc-1700-intel-b660-2xddr4-ma-1669378/
13,GIGABYTE B550M AORUS ELITE,mATX,AM4,AMD B550,DDR4 ,4,3200,128,24+8 ,9890,https://www.citilink.ru/product/materinskaya-plata-gigabyte-b550m-aorus-elite-soc-am4-amd-b550-4xddr4-1403105/
14,GIGABYTE B550 AORUS ELITE V2,ATX,AM4,AMD B550,DDR4 ,4,3200,128,24+8 ,12490,https://www.citilink.ru/product/materinskaya-plata-gigabyte-b550-aorus-elite-v2-socketam4-amd-b550-atx-1444568/
15,GIGABYTE B560M DS3H V2,mATX,LGA 1200,Intel B560,DDR4 ,4,3200,128,24+8 ,7890,https://www.citilink.ru/product/materinskaya-plata-gigabyte-b560m-ds3h-v2-soc-1200-intel-b560-4xddr4-m-1612605/
16,GIGABYTE H410M S2H V2,mATX,LGA 1200,Intel H470,DDR4 ,2,2933,64,24+8 ,4990,https://www.citilink.ru/product/materinskaya-plata-gigabyte-h410m-s2h-v2-lga-1200-intel-h470-matx-ret-1476257/
17,ASROCK B660M-HDV,mATX,LGA 1700,Intel B660,DDR4 ,2,3200,64,24+8 ,7790,https://www.citilink.ru/product/materinskaya-plata-asrock-b660m-hdv-soc-1700-intel-b660-2xddr4-atx-ac-1669784/
18,ASUS PRIME B660-PLUS D4,ATX,LGA 1700,Intel B660,DDR4 ,4,3200,128,24+8 ,12990,https://www.citilink.ru/product/materinskaya-plata-asus-prime-b660-plus-d4-soc-1700-intel-b660-4xddr4-1669375/
19,MSI PRO B660M-E DDR4,mATX,LGA 1700,Intel B660,DDR4 ,2,3200,64,24+8 ,8900,https://www.citilink.ru/product/materinskaya-plata-msi-pro-b660m-e-ddr4-soc-1700-intel-b660-2xddr4-mat-1845404/
20,GIGABYTE B560M H,mATX,LGA 1200,Intel B560,DDR4 ,2,3200,64,24+8 ,6990,https://www.citilink.ru/product/materinskaya-plata-gigabyte-b560m-h-soc-1200-intel-b560-2xddr4-matx-ac-1530434/
21,MSI B560M-A PRO,mATX,LGA 1200,Intel B560,DDR4 ,2,3200,64,24+8 ,8560,https://www.citilink.ru/product/materinskaya-plata-msi-b560m-a-pro-soc-1200-intel-b560-2xddr4-matx-ac-1520476/
22,MSI A320M-A PRO,mATX,AM4,AMD A320,DDR4 ,2,2667,32,24+4 ,4690,https://www.citilink.ru/product/materinskaya-plata-msi-a320m-a-pro-socketam4-amd-a320-matx-ret-1196831/
23,GIGABYTE B660M DS3H DDR4,mATX,LGA 1700,Intel B660,DDR4 ,4,3200,128,24+8 ,11400,https://www.citilink.ru/product/materinskaya-plata-gigabyte-b660m-ds3h-ddr4-soc-1700-intel-b660-4xddr4-1697713/
24,GIGABYTE H610M H DDR4,mATX,LGA 1700,Intel H610,DDR4 ,2,3200,64,24+8 ,7590,https://www.citilink.ru/product/materinskaya-plata-gigabyte-h610m-h-ddr4-soc-1700-intel-h610-2xddr4-ma-1769452/
25,ASUS TUF GAMING B450-PLUS II,ATX,AM4,AMD B450,DDR4 ,4,2666,128,24+8 ,9990,https://www.citilink.ru/product/materinskaya-plata-asus-tuf-gaming-b450-plus-ii-socketam4-amd-b450-atx-1468600/
26,ASUS PRIME B450-PLUS,ATX,AM4,AMD B450,DDR4 ,4,2666,128,24+8 ,7890,https://www.citilink.ru/product/materinskaya-plata-asus-prime-b450-plus-socketam4-amd-b450-atx-ret-1083557/
27,GIGABYTE Z590 D,ATX,LGA 1200,Intel Z590,DDR4 ,4,3200,128,24+8+4 ,12060,https://www.citilink.ru/product/materinskaya-plata-gigabyte-z590-d-soc-1200-intel-z590-4xddr4-atx-ac-9-1520618/
28,GIGABYTE A520M S2H,mATX,AM4,AMD A520,DDR4 ,2,3200,64,24+8 ,5990,https://www.citilink.ru/product/materinskaya-plata-gigabyte-a520m-s2h-soc-am4-amd-a520-2xddr4-matx-ac-1405124/
29,MSI A520M-A PRO,mATX,AM4,AMD A520,DDR4 ,2,3200,64,24+4 ,5290,https://www.citilink.ru/product/materinskaya-plata-msi-a520m-a-pro-socketam4-amd-a520-matx-ret-1468032/
30,ASUS TUF GAMING B560-PLUS WIFI,ATX,LGA 1200,Intel B560,DDR4 ,4,3200,128,24+8 ,13590,https://www.citilink.ru/product/materinskaya-plata-asus-tuf-gaming-b560-plus-wifi-soc-1200-intel-b560-1495433/
31,ASUS TUF GAMING B660M-PLUS D4,mATX,LGA 1700,Intel B660,DDR4 ,4,3200,128,24+8+4 ,15990,https://www.citilink.ru/product/materinskaya-plata-asus-tuf-gaming-b660m-plus-d4-soc-1700-intel-b660-4-1669371/
32,ASUS PRIME A320M-R-SI,mATX,AM4,AMD A320,DDR4 ,2,2933,32,24+4 ,5090,https://www.citilink.ru/product/materinskaya-plata-asus-prime-a320m-r-si-socketam4-amd-a320-matx-ret-w-1156561/
33,MSI B560M PRO-E,mATX,LGA 1200,Intel B560,DDR4 ,2,3200,64,24+8 ,8310,https://www.citilink.ru/product/materinskaya-plata-msi-b560m-pro-e-soc-1200-intel-b560-2xddr4-matx-ac-1647761/
34,MSI PRO Z690-A WIFI DDR4,ATX,LGA 1700,Intel Z690,DDR4 ,4,3200,128,24+8+8 ,17990,https://www.citilink.ru/product/materinskaya-plata-msi-pro-z690-a-wifi-ddr4-soc-1700-intel-z690-4xddr4-1622869/
35,GIGABYTE Z690 AORUS ELITE DDR4,ATX,LGA 1700,Intel Z690,DDR4 ,4,3200,128,24+8+4 ,18990,https://www.citilink.ru/product/materinskaya-plata-gigabyte-z690-aorus-elite-ddr4-soc-1700-intel-z690-1623582/
36,MSI PRO H610M-G DDR4,mATX,LGA 1700,Intel H610,DDR4 ,2,3200,64,24+8 ,7490,https://www.citilink.ru/product/materinskaya-plata-msi-pro-h610m-g-ddr4-soc-1700-intel-h610-2xddr4-mat-1793472/
37,GIGABYTE Z690 UD DDR4,ATX,LGA 1700,Intel Z690,DDR4 ,4,3200,128,24+8+4 ,16990,https://www.citilink.ru/product/materinskaya-plata-gigabyte-z690-ud-ddr4-soc-1700-intel-z690-4xddr4-at-1618894/
38,ASUS ROG STRIX B660-F GAMING WIFI,ATX,LGA 1700,Intel B660,DDR5 ,4,4800,128,24+8+4 ,21990,https://www.citilink.ru/product/materinskaya-plata-asus-rog-strix-b660-f-gaming-wifi-soc-1700-intel-b6-1669365/
39,GIGABYTE H470M K,mATX,LGA 1200,Intel H470,DDR4 ,2,3200,64,24+8 ,5190,https://www.citilink.ru/product/materinskaya-plata-gigabyte-h470m-k-soc-1200-intel-h470-2xddr4-matx-ac-1872176/
40,ASUS ROG STRIX B560-F GAMING WIFI,ATX,LGA 1200,Intel B560,DDR4 ,4,3200,128,24+8 ,13990,https://www.citilink.ru/product/materinskaya-plata-asus-rog-strix-b560-f-gaming-wifi-soc-1200-intel-b5-1490719/
41,GIGABYTE Z690 GAMING X DDR4,ATX,LGA 1700,Intel Z690,DDR4 ,4,3200,128,24+8+4 ,17990,https://www.citilink.ru/product/materinskaya-plata-gigabyte-z690-gaming-x-ddr4-soc-1700-intel-z690-4xd-1618806/
42,ASUS PRIME B660M-A D4,mATX,LGA 1700,Intel B660,DDR4 ,4,3200,128,24+8 ,10890,https://www.citilink.ru/product/materinskaya-plata-asus-prime-b660m-a-d4-soc-1700-intel-b660-4xddr4-ma-1669372/
43,GIGABYTE A520M DS3H,mATX,AM4,AMD A520,DDR4 ,4,3200,128,24+8 ,6690,https://www.citilink.ru/product/materinskaya-plata-gigabyte-a520m-ds3h-soc-am4-amd-b550-4xddr4-matx-ac-1410231/
44,ASROCK H610M-HVS,mATX,LGA 1700,Intel H610,DDR4 ,2,3200,64,24+8 ,6190,https://www.citilink.ru/product/materinskaya-plata-asrock-h610m-hvs-soc-1700-intel-h610-2xddr4-matx-ac-1714413/
45,ASUS TUF GAMING B560M-PLUS,mATX,LGA 1200,Intel B560,DDR4 ,4,3200,128,24+8 ,13290,https://www.citilink.ru/product/materinskaya-plata-asus-tuf-gaming-b560m-plus-soc-1200-intel-b560-4xdd-1490718/
46,GIGABYTE B550 AORUS ELITE AX V2,ATX,AM4,AMD B550,DDR4 ,4,3200,128,24+8 ,16990,https://www.citilink.ru/product/materinskaya-plata-gigabyte-b550-aorus-elite-ax-v2-soc-am4-amd-b550-4x-1490201/
47,ASUS ROG STRIX B560-E GAMING WIFI,ATX,LGA 1200,Intel B560,DDR4 ,4,3200,128,24+8+4 ,14590,https://www.citilink.ru/product/materinskaya-plata-asus-rog-strix-b560-e-gaming-wifi-soc-1200-intel-b5-1588538/
48,ASUS PRIME H610M-K D4,mATX,LGA 1700,Intel H610,DDR4 ,2,3200,64,24+8 ,6890,https://www.citilink.ru/product/materinskaya-plata-asus-prime-h610m-k-d4-soc-1700-intel-h610-2xddr4-ma-1669380/
49,ASUS PRIME H610M-R D4-SI,mATX,LGA 1700,Intel H610,DDR4 ,2,3200,64,24+4 ,6890,https://www.citilink.ru/product/materinskaya-plata-asus-prime-h610m-r-d4-si-soc-1700-intel-h610-2xddr4-1855469/
50,GIGABYTE Z590 UD AC,ATX,LGA 1200,Intel Z590,DDR4 ,4,3200,128,24+8+4 ,12920,https://www.citilink.ru/product/materinskaya-plata-gigabyte-z590-ud-ac-soc-1200-intel-z590-4xddr4-atx-1498885/
51,ASUS TUF GAMING B450M-PLUS II,mATX,AM4,AMD B450,DDR4 ,4,2666,128,24+8 ,9990,https://www.citilink.ru/product/materinskaya-plata-asus-tuf-gaming-b450m-plus-ii-soc-am4-amd-b450-4xdd-1498831/
52,ASUS PRIME Z690-P WIFI,ATX,LGA 1700,Intel Z690,DDR5 ,4,4800,128,24+8+4 ,21990,https://www.citilink.ru/product/materinskaya-plata-asus-prime-z690-p-wifi-soc-1700-intel-z690-4xddr5-a-1646229/
53,MSI PRO Z690-P DDR4,ATX,LGA 1700,Intel Z690,DDR4 ,4,3200,128,24+8+4 ,16990,https://www.citilink.ru/product/materinskaya-plata-msi-pro-z690-p-ddr4-soc-1700-intel-z690-4xddr4-atx-1622870/
54,MSI MAG B560 TORPEDO,ATX,LGA 1200,Intel B560,DDR4 ,4,2933,128,24+8+4 ,9990,https://www.citilink.ru/product/materinskaya-plata-msi-mag-b560-torpedo-soc-1200-intel-b560-4xddr4-atx-1793441/
55,MSI MAG Z690 TOMAHAWK WIFI DDR4,ATX,LGA 1700,Intel Z690,DDR4 ,4,3200,128,24+8+8 ,21190,https://www.citilink.ru/product/materinskaya-plata-msi-mag-z690-tomahawk-wifi-ddr4-soc-1700-intel-z690-1622868/
56,GIGABYTE X570S UD,ATX,AM4,AMD X570,DDR4 ,4,2933,128,24+8 ,14990,https://www.citilink.ru/product/materinskaya-plata-gigabyte-x570s-ud-soc-am4-amd-x570-4xddr4-atx-ac-97-1669485/
57,MSI PRO Z690-A DDR4,ATX,LGA 1700,Intel Z690,DDR4 ,4,3200,128,24+8+8 ,16590,https://www.citilink.ru/product/materinskaya-plata-msi-pro-z690-a-ddr4-soc-1700-intel-z690-4xddr4-atx-1622862/
58,ASUS PRIME H670-PLUS D4,ATX,LGA 1700,Intel H670,DDR4 ,4,3200,128,24+8 ,16530,https://www.citilink.ru/product/materinskaya-plata-asus-prime-h670-plus-d4-soc-1700-intel-h670-4xddr4-1669370/
59,MSI PRO B660M-G DDR4,mATX,LGA 1700,Intel B660,DDR4 ,2,3200,64,24+8 ,9590,https://www.citilink.ru/product/materinskaya-plata-msi-pro-b660m-g-ddr4-soc-1700-intel-b660-2xddr4-mat-1770752/
60,ASUS TUF GAMING B660M-PLUS WIFI D4,mATX,LGA 1700,Intel B660,DDR4 ,4,3200,128,24+8+4 ,15990,https://www.citilink.ru/product/materinskaya-plata-asus-tuf-gaming-b660m-plus-wifi-d4-soc-1700-intel-b-1669369/
61,ASUS TUF GAMING B660-PLUS WIFI D4,ATX,LGA 1700,Intel B660; 0 0,DDR4 ,4,3200,128,24+8+4 ,17990,https://www.citilink.ru/product/materinskaya-plata-asus-tuf-gaming-b660-plus-wifi-d4-soc-1700-intel-b6-1669374/
62,ASUS TUF GAMING B660M-E D4,mATX,LGA 1700,Intel B660,DDR4 ,4,3200,128,24+8 ,14790,https://www.citilink.ru/product/materinskaya-plata-asus-tuf-gaming-b660m-e-d4-soc-1700-intel-b660-4xdd-1669584/
63,MSI MAG Z690 TOMAHAWK WIFI,ATX,LGA 1700,Intel Z690,DDR5 ,4,5600,128,24+8+8 ,21890,https://www.citilink.ru/product/materinskaya-plata-msi-mag-z690-tomahawk-wifi-soc-1700-intel-z690-4xdd-1622865/
64,ASROCK H610M-HDV,mATX,LGA 1700,Intel H610,DDR4 ,2,3200,64,24+8 ,6490,https://www.citilink.ru/product/materinskaya-plata-asrock-h610m-hdv-soc-1700-intel-h610-2xddr4-matx-ac-1714410/
65,ASROCK B660 STEEL LEGEND,ATX,LGA 1700,Intel B660,DDR4 ,4,3200,128,24+8 ,12990,https://www.citilink.ru/product/materinskaya-plata-asrock-b660-steel-legend-soc-1700-intel-b660-4xddr4-1698587/
66,ASUS PRIME Z690M-PLUS D4,mATX,LGA 1700,Intel Z690,DDR4 ,4,3200,128,24+8+4 ,16990,https://www.citilink.ru/product/materinskaya-plata-asus-prime-z690m-plus-d4-soc-1700-intel-z690-4xddr4-1619611/
67,MSI B560-A PRO,ATX,LGA 1200,Intel B560,DDR4 ,4,3200,128,24+8+4 ,10990,https://www.citilink.ru/product/materinskaya-plata-msi-b560-a-pro-soc-1200-intel-b560-4xddr4-atx-ac-97-1647127/
68,GIGABYTE Z790 GAMING X AX,ATX,LGA 1700,Intel Z790,DDR5 ,4,4800,128,24+8+8 ,23890,https://www.citilink.ru/product/materinskaya-plata-gigabyte-z790-gaming-x-ax-soc-1700-intel-z790-4xddr-1875911/
69,GIGABYTE A520M K,mATX,AM4,AMD A520,DDR4 ,2,3200,64,24+8 ,5890,https://www.citilink.ru/product/materinskaya-plata-gigabyte-a520m-k-soc-am4-amd-a520-2xddr4-matx-ac-97-1880834/
70,ASUS TUF GAMING Z690-PLUS WIFI D4,ATX,LGA 1700,Intel Z690,DDR4 ,4,3200,128,24+8+4 ,24490,https://www.citilink.ru/product/materinskaya-plata-asus-tuf-gaming-z690-plus-wifi-d4-soc-1700-intel-z6-1622855/
71,MSI B560M BOMBER,mATX,LGA 1200,Intel B560,DDR4 ,2,3200,64,24+8 ,6490,https://www.citilink.ru/product/materinskaya-plata-msi-b560m-bomber-soc-1200-intel-b560-2xddr4-matx-ac-1861823/
72,ASROCK H610M-HDV/M.2,mATX,LGA 1700,Intel H610,DDR4 ,2,3200,64,24+8 ,6790,https://www.citilink.ru/product/materinskaya-plata-asrock-h610m-hdv-m-2-soc-1700-intel-h610-2xddr4-atx-1680404/
73,MSI X570-A PRO,ATX,AM4,AMD X570,DDR4 ,4,3200,128,24+8+4 ,14890,https://www.citilink.ru/product/materinskaya-plata-msi-x570-a-pro-socketam4-amd-x570-atx-ret-1156380/
74,ASUS TUF GAMING B550M-PLUS,mATX,AM4,AMD B550,DDR4 ,4,3200,128,24+8 ,14990,https://www.citilink.ru/product/materinskaya-plata-asus-tuf-gaming-b550m-plus-soc-am4-amd-b550-4xddr4-1387931/
75,ASUS TUF GAMING A520M-PLUS,mATX,AM4,AMD A520,DDR4 ,4,3200,128,24+8 ,8990,https://www.citilink.ru/product/materinskaya-plata-asus-tuf-gaming-a520m-plus-soc-am4-amd-a520-4xddr4-1405623/
76,ASUS TUF GAMING H670-PRO WIFI D4,ATX,LGA 1700,Intel H670,DDR4 ,4,3200,128,24+8+4 ,17990,https://www.citilink.ru/product/materinskaya-plata-asus-tuf-gaming-h670-pro-wifi-d4-soc-1700-intel-h67-1669368/
77,ASUS ROG STRIX B660-A GAMING WIFI D4,ATX,LGA 1700,Intel B660,DDR4 ,4,3200,128,24+8+4 ,18990,https://www.citilink.ru/product/materinskaya-plata-asus-rog-strix-b660-a-gaming-wifi-d4-soc-1700-intel-1669582/
78,ASUS ROG STRIX B560-A GAMING WIFI,ATX,LGA 1200,Intel B560,DDR4 ,4,3200,128,24+8 ,14990,https://www.citilink.ru/product/materinskaya-plata-asus-rog-strix-b560-a-gaming-wifi-soc-1200-intel-b5-1495231/
79,ASUS PRIME B560-PLUS,ATX,LGA 1200,Intel B560,DDR4 ,4,2933,128,24+8 ,13360,https://www.citilink.ru/product/materinskaya-plata-asus-prime-b560-plus-soc-1200-intel-b560-4xddr4-atx-1495435/
80,ASUS TUF GAMING B450M-PRO II,mATX,AM4,AMD B450,DDR4 ,4,2666,128,24+8 ,11990,https://www.citilink.ru/product/materinskaya-plata-asus-tuf-gaming-b450m-pro-ii-socketam4-amd-b450-mat-1427622/
81,MSI MAG B550 TOMAHAWK,ATX,AM4,AMD B550,DDR4 ,4,2933,128,24+8 ,13860,https://www.citilink.ru/product/materinskaya-plata-msi-mag-b550-tomahawk-soc-am4-amd-b550-4xddr4-atx-a-1407248/
82,ASUS PRIME H610M-A D4-CSM,mATX,LGA 1700,Intel H610,DDR4 ,2,3200,64,24+8 ,8990,https://www.citilink.ru/product/materinskaya-plata-asus-prime-h610m-a-d4-csm-soc-1700-intel-h610-2xddr-1680565/
83,ASUS TUF GAMING B550M-E WIFI,mATX,AM4,AMD B550,DDR4 ,4,3200,128,24+8 ,15100,https://www.citilink.ru/product/materinskaya-plata-asus-tuf-gaming-b550m-e-wifi-soc-am4-amd-b550-4xddr-1538713/
84,ASROCK H610M-HVS/M.2 R2.0,mATX,LGA 1700,Intel H610,DDR4 ,2,3200,64,24+8 ,6990,https://www.citilink.ru/product/materinskaya-plata-asrock-h610m-hvs-m-2-r2-0-soc-1700-intel-h610-2xddr-1857673/
85,ASUS PRIME H510M-A,mATX,LGA 1200,Intel H510,DDR4 ,2,2933,64,24+8 ,8370,https://www.citilink.ru/product/materinskaya-plata-asus-prime-h510m-a-soc-1200-intel-h510-2xddr4-matx-1495429/
86,ASUS TUF GAMING Z590-PLUS,ATX,LGA 1200,Intel Z590,DDR4 ,4,3200,128,24+8+4 ,19990,https://www.citilink.ru/product/materinskaya-plata-asus-tuf-gaming-z590-plus-lga-1200-intel-z590-atx-r-1471261/
87,ASUS TUF GAMING B560M-PLUS WIFI,mATX,LGA 1200,Intel B560,DDR4 ,4,3200,?,?,13390,https://www.citilink.ru/product/materinskaya-plata-asus-tuf-gaming-b560m-plus-wifi-soc-1200-intel-b560-1495443/
88,ASUS TUF GAMING Z690-PLUS WIFI,ATX,LGA 1700,Intel Z690,DDR5 ,4,4800,128,24+8+4 ,25990,https://www.citilink.ru/product/materinskaya-plata-asus-tuf-gaming-z690-plus-wifi-soc-1700-intel-z690-1680433/
89,ASUS PRIME B450M-K II,mATX,AM4,AMD B450,DDR4 ,2,2666,64,24+8 ,6390,https://www.citilink.ru/product/materinskaya-plata-asus-prime-b450m-k-ii-socketam4-amd-b450-matx-ret-1423913/
90,ASUS PRIME Z690-P WIFI D4,ATX,LGA 1700,Intel Z690,DDR4 ,4,3200,?,?,18990,https://www.citilink.ru/product/materinskaya-plata-asus-prime-z690-p-wifi-d4-soc-1700-intel-z690-4xddr-1623290/
91,GIGABYTE H510M K,mATX,LGA 1200,Intel H510,DDR4 ,2,3200,64,24+8 ,5490,https://www.citilink.ru/product/materinskaya-plata-gigabyte-h510m-k-soc-1200-intel-h510-2xddr4-matx-ac-1880842/
92,ASUS ROG STRIX B550-XE GAMING WIFI,ATX,AM4,AMD B550,DDR4 ,4,3200,128,24+8+4 ,24990,https://www.citilink.ru/product/materinskaya-plata-asus-rog-strix-b550-xe-gaming-wifi-socketam4-amd-b5-1453730/
93,ASUS PRIME A520M-K,mATX,AM4,AMD A520,DDR4 ,2,3200,64,24+8 ,5890,https://www.citilink.ru/product/materinskaya-plata-asus-prime-a520m-k-soc-am4-amd-a520-2xddr4-matx-ac-1410389/
94,ASROCK B550 STEEL LEGEND,ATX,AM4,AMD B550,DDR4 ,4,3200,128,24+8+4 ,13990,https://www.citilink.ru/product/materinskaya-plata-asrock-b550-steel-legend-socketam4-amd-b550-atx-ret-1415789/
95,GIGABYTE Z590 GAMING X,ATX,LGA 1200,Intel Z590,DDR4 ,4,2933,128,24+8+4 ,12230,https://www.citilink.ru/product/materinskaya-plata-gigabyte-z590-gaming-x-soc-1200-intel-z590-4xddr4-a-1490292/
96,GIGABYTE Z590 GAMING X,ATX,LGA 1200,Intel Z590,DDR4 ,4,2933,128,24+8+4 ,12230,https://www.citilink.ru/product/materinskaya-plata-gigabyte-z590-gaming-x-soc-1200-intel-z590-4xddr4-a-1490292/
97,GIGABYTE B660 GAMING X AX DDR4,ATX,LGA 1700,Intel B660,DDR4 ,4,3200,128,24+8 ,14990,https://www.citilink.ru/product/materinskaya-plata-gigabyte-b660-gaming-x-ax-ddr4-soc-1700-intel-b660-1870907/
98,GIGABYTE Z690 AORUS PRO,ATX,LGA 1700,Intel Z690,DDR5 ,4,4800,128,24+8+4 ,31990,https://www.citilink.ru/product/materinskaya-plata-gigabyte-z690-aorus-pro-soc-1700-intel-z690-4xddr5-1618784/
99,ASUS TUF GAMING X570-PRO (WI-FI),ATX,AM4,AMD X570,DDR4 ,4,3200,128,24+8+4 ,23990,https://www.citilink.ru/product/materinskaya-plata-asus-tuf-gaming-x570-pro-wi-fi-socketam4-amd-x570-a-1468615/
100,GIGABYTE Z690M DS3H DDR4,mATX,LGA 1700,Intel Z690,DDR4 ,4,3200,128,24+8 ,11990,https://www.citilink.ru/product/materinskaya-plata-gigabyte-z690m-ds3h-ddr4-soc-1700-intel-z690-4xddr4-1680372/
101,MSI MPG Z690 EDGE WIFI DDR4,ATX,LGA 1700,Intel Z690,DDR4 ,4,3200,128,24+8+8 ,25390,https://www.citilink.ru/product/materinskaya-plata-msi-mpg-z690-edge-wifi-ddr4-soc-1700-intel-z690-4xd-1622867/
102,ASROCK B550 PRO4,ATX,AM4,AMD B550,DDR4 ,4,3200,128,24+8+4 ,10990,https://www.citilink.ru/product/materinskaya-plata-asrock-b550-pro4-soc-am4-amd-b550-4xddr4-atx-ac-97-1395302/
103,ASUS PRIME H510M-A WIFI,mATX,LGA 1200,Intel H510,DDR4 ,2,2933,64,24+8 ,9090,https://www.citilink.ru/product/materinskaya-plata-asus-prime-h510m-a-wifi-soc-1200-intel-h510-2xddr4-1808419/
104,ASUS TUF GAMING Z690-PLUS D4,ATX,LGA 1700,Intel Z690,DDR4 ,4,3200,128,24+8+4 ,22990,https://www.citilink.ru/product/materinskaya-plata-asus-tuf-gaming-z690-plus-d4-soc-1700-intel-z690-4x-1622854/
105,ASUS TUF GAMING Z590-PLUS WIFI,ATX,LGA 1200,Intel Z590,DDR4 ,4,3200,128,24+8+4 ,20990,https://www.citilink.ru/product/materinskaya-plata-asus-tuf-gaming-z590-plus-wifi-lga-1200-intel-z590-1471260/
106,ASUS PRIME Z690-P D4,ATX,LGA 1700,Intel Z690,DDR4 ,4,3200,128,24+8+4 ,18990,https://www.citilink.ru/product/materinskaya-plata-asus-prime-z690-p-d4-soc-1700-intel-z690-4xddr4-atx-1619618/
107,MSI MAG B660M MORTAR WIFI,mATX,LGA 1700,Intel B660,DDR5 ,4,4800,128,24+8+8 ,23340,https://www.citilink.ru/product/materinskaya-plata-msi-mag-b660m-mortar-wifi-soc-1700-intel-b660-4xddr-1860099/
108,ASUS ROG STRIX Z690-A GAMING WIFI,ATX,LGA 1700,Intel Z690,DDR5 ,4,4800,128,24+8+8 ,30990,https://www.citilink.ru/product/materinskaya-plata-asus-rog-strix-z690-a-gaming-wifi-soc-1700-intel-z6-1806649/
109,MSI MAG X570S TORPEDO MAX,ATX,AM4,AMD X570,DDR4 ,4,5100,128,24+8+4 ,21890,https://www.citilink.ru/product/materinskaya-plata-msi-mag-x570s-torpedo-max-soc-am4-amd-x570-4xddr4-a-1808649/
110,MSI MPG Z690 EDGE WIFI,ATX,LGA 1700,Intel Z690,DDR5 ,4,4800,128,24+8+8 ,26990,https://www.citilink.ru/product/materinskaya-plata-msi-mpg-z690-edge-wifi-soc-1700-intel-z690-4xddr5-a-1622864/
111,ASUS TUF GAMING X570-PLUS,ATX,AM4,AMD X570,DDR4 ,4,2933,128,24+8+4 ,26660,https://www.citilink.ru/product/materinskaya-plata-asus-tuf-gaming-x570-plus-socketam4-amd-x570-atx-re-1163698/
112,ASUS PRIME A320M-A,mATX,AM4,AMD A320,DDR4 ,4,2666,64,24+8 ,6990,https://www.citilink.ru/product/materinskaya-plata-asus-prime-a320m-a-socketam4-amd-a320-matx-ret-490212/
113,MSI MAG B660 TOMAHAWK WIFI,ATX,LGA 1700,Intel B660,DDR5 ,4,4800,128,24+8+8 ,20990,https://www.citilink.ru/product/materinskaya-plata-msi-mag-b660-tomahawk-wifi-soc-1700-intel-b660-4xdd-1793460/
114,GIGABYTE H510M S2H V2,mATX,LGA 1200,Intel H510,DDR4 ,2,3200,64,24+8 ,6790,https://www.citilink.ru/product/materinskaya-plata-gigabyte-h510m-s2h-v2-soc-1200-intel-h510-2xddr4-ma-1544765/
115,ASUS ROG STRIX Z690-G GAMING WIFI,mATX,LGA 1700,Intel Z690,DDR5 ,4,4800,128,24+8+4 ,27990,https://www.citilink.ru/product/materinskaya-plata-asus-rog-strix-z690-g-gaming-wifi-soc-1700-intel-z6-1622852/
116,ASUS PRIME H610I-PLUS D4-CSM,mini-ITX,LGA 1700,Intel H610,DDR4 ,2,3200,64,24+8 ,9890,https://www.citilink.ru/product/materinskaya-plata-asus-prime-h610i-plus-d4-csm-soc-1700-intel-h610-2x-1837202/
117,ASUS PRIME H610M-A D4,mATX,LGA 1700,Intel H610,DDR4 ,2,3200,64,24+8 ,8990,https://www.citilink.ru/product/materinskaya-plata-asus-prime-h610m-a-d4-soc-1700-intel-h610-2xddr4-ma-1669366/
118,ASUS PRIME H610M-A WIFI D4,mATX,LGA 1700,Intel H610,DDR4 ,2,3200,64,24+8 ,9990,https://www.citilink.ru/product/materinskaya-plata-asus-prime-h610m-a-wifi-d4-soc-1700-intel-h610-2xdd-1859451/
119,ASROCK Z690M PHANTOM GAMING 4,mATX,LGA 1700,Intel Z690,DDR4 ,4,3200,128,24+8+4 ,15930,https://www.citilink.ru/product/materinskaya-plata-asrock-z690m-phantom-gaming-4-soc-1700-intel-z690-4-1658946/
120,ASUS ROG STRIX Z690-F GAMING WIFI,ATX,LGA 1700,Intel Z690,DDR5 ,4,4800,128,24+8+8 ,33990,https://www.citilink.ru/product/materinskaya-plata-asus-rog-strix-z690-f-gaming-wifi-soc-1700-intel-z6-1613521/
121,ASUS PRIME Z690-P D4-CSM,ATX,LGA 1700,Intel Z690,DDR4 ,4,3200,128,24+8+4 ,17990,https://www.citilink.ru/product/materinskaya-plata-asus-prime-z690-p-d4-csm-soc-1700-intel-z690-4xddr4-1808421/
122,MSI MPG Z690 FORCE WIFI,ATX,LGA 1700,Intel Z690,DDR5 ,4,5600,128,24+8+8 ,34990,https://www.citilink.ru/product/materinskaya-plata-msi-mpg-z690-force-wifi-soc-1700-intel-z690-4xddr5-1845408/
123,GIGABYTE B650 AORUS ELITE AX,ATX,AM5,AMD B650,DDR5 ,4,5200,128,24+8+4 ,22990,https://www.citilink.ru/product/materinskaya-plata-gigabyte-b650-aorus-elite-ax-socketam5-amd-b650-4xd-1874208/
124,MSI PRO Z690-A WIFI,ATX,LGA 1700,Intel Z690,DDR5 ,4,4800,128,24+8+8 ,18990,https://www.citilink.ru/product/materinskaya-plata-msi-pro-z690-a-wifi-soc-1700-intel-z690-4xddr5-atx-1622866/
125,MSI MPG B550 GAMING PLUS,ATX,AM4,AMD B550,DDR4 ,4,3200,128,24+8 ,12990,https://www.citilink.ru/product/materinskaya-plata-msi-mpg-b550-gaming-plus-soc-am4-amd-b550-4xddr4-at-1410230/
126,ASUS ROG STRIX Z590-F GAMING WIFI,ATX,LGA 1200,Intel Z590,DDR4 ,4,3200,128,24+8+4 ,23990,https://www.citilink.ru/product/materinskaya-plata-asus-rog-strix-z590-f-gaming-wifi-lga-1200-intel-z5-1471253/
127,ASUS TUF GAMING B550-PLUS,ATX,AM4,AMD B550,DDR4 ,4,3200,128,24+8 ,16990,https://www.citilink.ru/product/materinskaya-plata-asus-tuf-gaming-b550-plus-soc-am4-amd-b550-4xddr4-a-1384331/
128,MSI B560M PRO WIFI,mATX,LGA 1200,Intel B560,DDR4 ,2,3200,64,24+8 ,10590,https://www.citilink.ru/product/materinskaya-plata-msi-b560m-pro-wifi-soc-1200-intel-b560-2xddr4-matx-1846085/
129,ASUS PRIME B650-PLUS,ATX,AM5,AMD B650,DDR5 ,4,5200,128,24+8 ,17790,https://www.citilink.ru/product/materinskaya-plata-asus-prime-b650-plus-socketam5-amd-b650-4xddr5-atx-1874985/
130,ASROCK B560M PRO4,mATX,LGA 1200,Intel B560,DDR4 ,4,2933,128,24+8 ,10490,https://www.citilink.ru/product/materinskaya-plata-asrock-b560m-pro4-soc-1200-intel-b560-4xddr4-matx-a-1485303/
131,ASUS ROG MAXIMUS Z690 HERO,ATX,LGA 1700,Intel Z690,DDR5 ,4,4800,128,24+8+8 ,50990,https://www.citilink.ru/product/materinskaya-plata-asus-rog-maximus-z690-hero-soc-1700-intel-z690-4xdd-1622849/
132,ASUS PRIME A320M-C R2.0,mATX,AM4,AMD A320,DDR4 ,2,2666,32,24+4 ,7990,https://www.citilink.ru/product/materinskaya-plata-asus-prime-a320m-c-r2-0-socketam4-amd-a320-matx-ret-1083553/
133,ASUS PRIME B550M-A/CSM,mATX,AM4,AMD B550,DDR4 ,4,3200,128,24+8 ,11990,https://www.citilink.ru/product/materinskaya-plata-asus-prime-b550m-a-csm-soc-am4-amd-b550-4xddr4-matx-1844925/
134,GIGABYTE B760M GAMING X DDR4,mATX,LGA 1700,Intel B760,DDR4 ,4,3200,128,24+8 ,12590,https://www.citilink.ru/product/materinskaya-plata-gigabyte-b760m-gaming-x-ddr4-soc-1700-intel-b760-4x-1893598/
135,ASUS ROG STRIX Z690-E GAMING WIFI,ATX,LGA 1700,Intel Z690,DDR5 ,4,4800,128,24+8+8 ,41990,https://www.citilink.ru/product/materinskaya-plata-asus-rog-strix-z690-e-gaming-wifi-soc-1700-intel-z6-1629465/
136,MSI MAG H670 TOMAHAWK WIFI DDR4,ATX,LGA 1700,Intel H670,DDR4 ,4,3200,128,24+8+8 ,18990,https://www.citilink.ru/product/materinskaya-plata-msi-mag-h670-tomahawk-wifi-ddr4-soc-1700-intel-h670-1860269/
137,MSI MAG B560M MORTAR,mATX,LGA 1200,Intel B560,DDR4 ,4,2933,128,24+8+4 ,11990,https://www.citilink.ru/product/materinskaya-plata-msi-mag-b560m-mortar-soc-1200-intel-b560-4xddr4-mat-1546427/
138,ASUS ROG STRIX B650E-F GAMING WIFI,ATX,AM5,AMD B650,DDR5 ,4,5200,128,24+8+4 ,27790,https://www.citilink.ru/product/materinskaya-plata-asus-rog-strix-b650e-f-gaming-wifi-socketam5-amd-b6-1874992/
139,GIGABYTE A520M K V2,mATX,AM4,AMD A520,DDR4 ,2,3200,32,24+8 ,5790,https://www.citilink.ru/product/materinskaya-plata-gigabyte-a520m-k-v2-soc-am4-amd-a520-2xddr4-matx-ac-1901201/
140,ASROCK Z690 PHANTOM GAMING 4,ATX,LGA 1700,Intel Z690,DDR4 ,4,3200,128,24+8+4 ,14990,https://www.citilink.ru/product/materinskaya-plata-asrock-z690-phantom-gaming-4-soc-1700-intel-z690-4x-1646543/
141,ASUS TUF GAMING B560M-E,mATX,LGA 1200,Intel B560,DDR4 ,4,3200,128,24+8 ,15480,https://www.citilink.ru/product/materinskaya-plata-asus-tuf-gaming-b560m-e-soc-1200-intel-b560-4xddr4-1538716/
142,GIGABYTE Z790 GAMING X,ATX,LGA 1700,Intel Z790,DDR5 ,4,4800,128,24+8+8 ,22990,https://www.citilink.ru/product/materinskaya-plata-gigabyte-z790-gaming-x-soc-1700-intel-z790-atx-ac-9-1893612/
143,GIGABYTE B760 GAMING X AX DDR4,ATX,LGA 1700,Intel B760,DDR4 ,4,3200,128,24+8 ,15590,https://www.citilink.ru/product/materinskaya-plata-gigabyte-b760-gaming-x-ax-ddr4-soc-1700-intel-b760-1884260/
144,ASUS ROG STRIX B550-F GAMING,ATX,AM4,AMD B550,DDR4 ,4,3200,128,24+8+4 ,17990,https://www.citilink.ru/product/materinskaya-plata-asus-rog-strix-b550-f-gaming-socketam4-amd-b550-atx-1386510/
145,ASUS PRIME A520M-A II,mATX,AM4,AMD A520,DDR4 ,4,3200,128,24+8 ,7990,https://www.citilink.ru/product/materinskaya-plata-asus-prime-a520m-a-ii-soc-am4-amd-a520-4xddr4-matx-1521351/
146,ASUS ROG STRIX B560-G GAMING WIFI,mATX,LGA 1200,Intel B560,DDR4 ,4,3200,128,24 ,14990,https://www.citilink.ru/product/materinskaya-plata-asus-rog-strix-b560-g-gaming-wifi-soc-1200-intel-b5-1490716/
147,GIGABYTE B760M AORUS ELITE AX,mATX,LGA 1700,Intel B760,DDR5 ,4,4800,128,24+8+4 ,16990,https://www.citilink.ru/product/materinskaya-plata-gigabyte-b760m-aorus-elite-ax-soc-1700-intel-b760-4-1884425/
148,ASUS TUF GAMING B650-PLUS,ATX,AM5,AMD B650,DDR5 ,4,5200,128,24+8+4 ,21990,https://www.citilink.ru/product/materinskaya-plata-asus-tuf-gaming-b650-plus-socketam5-amd-b650-4xddr5-1871411/
149,ASROCK B560M-HDV R2.0,mATX,LGA 1200,Intel B560,DDR4 ,2,2933,64,24+8 ,6990,https://www.citilink.ru/product/materinskaya-plata-asrock-b560m-hdv-r2-0-soc-1200-intel-b560-2xddr4-ma-1650336/
150,MSI MAG B560M MORTAR WIFI,mATX,LGA 1200,Intel B560,DDR4 ,4,2933,128,24+8+4 ,12190,https://www.citilink.ru/product/materinskaya-plata-msi-mag-b560m-mortar-wifi-soc-1200-intel-b560-4xddr-1546429/
151,GIGABYTE Z690 AORUS MASTER,eATX,LGA 1700,Intel Z690,DDR5 ,4,4800,128,24+8 ,33990,https://www.citilink.ru/product/materinskaya-plata-gigabyte-z690-aorus-master-soc-1700-intel-z690-4xdd-1618777/
152,ASUS TUF GAMING X570-PLUS (WI-FI),ATX,AM4,AMD X570,DDR4 ,4,2666,128,24+8+4 ,22190,https://www.citilink.ru/product/materinskaya-plata-asus-tuf-gaming-x570-plus-wi-fi-socketam4-amd-x570-1160509/
153,ASROCK B660M STEEL LEGEND,mATX,LGA 1700,Intel B660,DDR4 ,4,3200,128,24+8 ,12990,https://www.citilink.ru/product/materinskaya-plata-asrock-b660m-steel-legend-soc-1700-intel-b660-4xddr-1714408/
154,ASUS TUF GAMING Z690-PLUS,ATX,LGA 1700,Intel Z690,DDR5 ,4,4800,128,24+8+4 ,24990,https://www.citilink.ru/product/materinskaya-plata-asus-tuf-gaming-z690-plus-soc-1700-intel-z690-4xddr-1806650/
155,GIGABYTE Z790 UD,ATX,LGA 1700,Intel Z790,DDR5 ,4,4800,128,24+8+8 ,21490,https://www.citilink.ru/product/materinskaya-plata-gigabyte-z790-ud-soc-1700-intel-z790-4xddr5-atx-ac-1891999/
156,ASUS ROG STRIX B650E-E GAMING WIFI,ATX,AM5,AMD B650,DDR5 ,4,4800,128,24+8+8 ,32990,https://www.citilink.ru/product/materinskaya-plata-asus-rog-strix-b650e-e-gaming-wifi-socketam5-amd-b6-1871405/
157,ASUS TUF GAMING B550M-PLUS WIFI II,mATX,AM4,AMD B550,DDR4 ,4,3200,128,24+8 ,15990,https://www.citilink.ru/product/materinskaya-plata-asus-tuf-gaming-b550m-plus-wifi-ii-soc-am4-amd-b550-1742920/
158,ASUS PRIME X670-P,ATX,AM5,AMD X670,DDR5 ,4,5200,128,24+8+4 ,26990,https://www.citilink.ru/product/materinskaya-plata-asus-prime-x670-p-socketam5-amd-x670-4xddr5-atx-ac-1875012/
159,MSI MPG Z690 CARBON WIFI,ATX,LGA 1700,Intel Z690,DDR5 ,4,4800,128,24+8+8 ,34990,https://www.citilink.ru/product/materinskaya-plata-msi-mpg-z690-carbon-wifi-soc-1700-intel-z690-4xddr5-1622860/
160,ASUS ROG STRIX Z690-A GAMING WIFI D4,ATX,LGA 1700,Intel Z690,DDR4 ,4,3200,128,24+8+8 ,29990,https://www.citilink.ru/product/materinskaya-plata-asus-rog-strix-z690-a-gaming-wifi-d4-soc-1700-intel-1623291/
161,ASUS TUF GAMING B650-PLUS WIFI,ATX,AM5,AMD B650,DDR5 ,4,5200,128,24+8+4 ,22990,https://www.citilink.ru/product/materinskaya-plata-asus-tuf-gaming-b650-plus-wifi-socketam5-amd-b650-4-1871413/
162,ASUS PRIME Z790-P,ATX,LGA 1700,Intel Z790,DDR5 ,4,4800,128,24+8+4 ,24990,https://www.citilink.ru/product/materinskaya-plata-asus-prime-z790-p-soc-1700-intel-z790-4xddr5-atx-ac-1878005/
163,ASUS ROG MAXIMUS Z690 FORMULA,ATX,LGA 1700,Intel Z690,DDR5 ,4,4800,128,24+8+8 ,56990,https://www.citilink.ru/product/materinskaya-plata-asus-rog-maximus-z690-formula-soc-1700-intel-z690-4-1646232/
164,GIGABYTE Z790 UD AX,ATX,LGA 1700,Intel Z790,DDR5 ,4,4800,128,24+8+8 ,20890,https://www.citilink.ru/product/materinskaya-plata-gigabyte-z790-ud-ax-soc-1700-intel-z790-4xddr5-atx-1892010/
165,ASROCK X570 PHANTOM GAMING 4,ATX,AM4,AMD X570,DDR4 ,4,3200,128,24+8 ,14590,https://www.citilink.ru/product/materinskaya-plata-asrock-x570-phantom-gaming-4-socketam4-amd-x570-atx-1169423/
166,ASUS ROG STRIX B650-A GAMING WIFI,ATX,AM5,AMD B650,DDR5 ,4,5200,128,24+8+4 ,25990,https://www.citilink.ru/product/materinskaya-plata-asus-rog-strix-b650-a-gaming-wifi-socketam5-amd-b65-1871414/
167,ASUS ROG CROSSHAIR X670E HERO,ATX,AM5,AMD X670,DDR5 ,4,5200,128,24+8+8 ,54990,https://www.citilink.ru/product/materinskaya-plata-asus-rog-crosshair-x670e-hero-socketam5-amd-x670-at-1875015/
168,ASUS PRO H610M-C D4-CSM,mATX,LGA 1700,Intel H610,DDR4 ,2,3200,64,24+8 ,9390,https://www.citilink.ru/product/materinskaya-plata-asus-pro-h610m-c-d4-csm-soc-1700-intel-h610-2xddr4-1837210/
169,ASUS TUF GAMING B650M-PLUS WIFI,mATX,AM5,AMD B650,DDR5 ,4,5200,128,24+8+4 ,20990,https://www.citilink.ru/product/materinskaya-plata-asus-tuf-gaming-b650m-plus-wifi-socketam5-amd-b650-1874988/
170,GIGABYTE B760M DS3H AX DDR4,mATX,LGA 1700,Intel B760,DDR4 ,4,3200,128,24+8 ,11990,https://www.citilink.ru/product/materinskaya-plata-gigabyte-b760m-ds3h-ax-ddr4-soc-1700-intel-b760-4xd-1893267/
171,ASUS ROG STRIX X670E-E GAMING WIFI,ATX,AM5,AMD X670,DDR5 ,4,4800,128,24+8+8 ,48990,https://www.citilink.ru/product/materinskaya-plata-asus-rog-strix-x670e-e-gaming-wifi-socketam5-amd-x6-1868091/
172,ASUS ROG MAXIMUS Z690 HERO EVA,ATX,LGA 1700,Intel Z690,DDR5 ,4,4800,128,24+8+8 ,49990,https://www.citilink.ru/product/materinskaya-plata-asus-rog-maximus-z690-hero-eva-soc-1700-intel-z690-1837205/
173,ASUS PRIME H510M-E,mATX,LGA 1200,Intel H510,DDR4 ,2,2933,64,24+8 ,7390,https://www.citilink.ru/product/materinskaya-plata-asus-prime-h510m-e-soc-1200-intel-h510-2xddr4-matx-1495440/
174,ASUS PRIME Z590-A,ATX,LGA 1200,Intel Z590,DDR4 ,4,3200,128,24+8+4 ,21990,https://www.citilink.ru/product/materinskaya-plata-asus-prime-z590-a-lga-1200-intel-z590-atx-ret-1471259/
175,ASUS PRIME Z790-A WIFI,ATX,LGA 1700,Intel Z790,DDR5 ,4,5600,128,24+8+8 ,30990,https://www.citilink.ru/product/materinskaya-plata-asus-prime-z790-a-wifi-soc-1700-intel-z790-4xddr5-a-1877983/
176,ASUS PRIME H610M-E D4,mATX,LGA 1700,Intel H610,DDR4 ,2,3200,64,24+8 ,8390,https://www.citilink.ru/product/materinskaya-plata-asus-prime-h610m-e-d4-soc-1700-intel-h610-2xddr4-ma-1669373/
177,ASUS PRIME H510M-D,mATX,LGA 1200,Intel H510,DDR4 ,2,2933,64,24+8 ,7390,https://www.citilink.ru/product/materinskaya-plata-asus-prime-h510m-d-soc-1200-intel-h510-2xddr4-matx-1495235/
178,ASUS PRIME X670E-PRO WIFI,ATX,AM5,AMD X670,DDR5 ,4,5200,128,24+8+8 ,34990,https://www.citilink.ru/product/materinskaya-plata-asus-prime-x670e-pro-wifi-socketam5-amd-x670-4xddr5-1875003/
179,ASUS ROG STRIX X670E-F GAMING WIFI,ATX,AM5,AMD X670,DDR5 ,4,5200,128,24+8+8 ,41990,https://www.citilink.ru/product/materinskaya-plata-asus-rog-strix-x670e-f-gaming-wifi-socketam5-amd-x6-1877974/
180,ASUS ROG STRIX Z590-E GAMING WIFI,ATX,LGA 1200,Intel Z590,DDR4 ,4,3200,128,24+8+4 ,28790,https://www.citilink.ru/product/materinskaya-plata-asus-rog-strix-z590-e-gaming-wifi-lga-1200-intel-z5-1471251/
181,MSI MAG Z690M MORTAR WIFI,mATX,LGA 1700,Intel Z690,DDR5 ,4,5600,128,24+8+8 ,31090,https://www.citilink.ru/product/materinskaya-plata-msi-mag-z690m-mortar-wifi-soc-1700-intel-z690-4xddr-1860278/
182,ASROCK Z690 STEEL LEGEND,ATX,LGA 1700,Intel Z690,DDR4 ,4,3200,128,24+8+8 ,20080,https://www.citilink.ru/product/materinskaya-plata-asrock-z690-steel-legend-soc-1700-intel-z690-4xddr4-1633395/
183,ASUS PRIME Z790-P WIFI D4,ATX,LGA 1700,Intel Z790,DDR4 ,4,3200,128,24+8+4 ,23990,https://www.citilink.ru/product/materinskaya-plata-asus-prime-z790-p-wifi-d4-soc-1700-intel-z790-4xddr-1868468/
184,MSI PRO H610M-B DDR4,mATX,LGA 1700,Intel H610,DDR4 ,2,3200,64,24 ,8950,https://www.citilink.ru/product/materinskaya-plata-msi-pro-h610m-b-ddr4-soc-1700-intel-h610-2xddr4-mat-1770796/
185,ASUS PROART B550-CREATOR,ATX,AM4,AMD B550,DDR4 ,4,3200,128,24+8+4 ,27420,https://www.citilink.ru/product/materinskaya-plata-asus-proart-b550-creator-soc-am4-amd-b550-4xddr4-at-1691996/
186,ASUS TUF GAMING Z790-PLUS D4,ATX,LGA 1700,Intel Z790,DDR4 ,4,3200,128,24+8+4 ,27990,https://www.citilink.ru/product/materinskaya-plata-asus-tuf-gaming-z790-plus-d4-soc-1700-intel-z790-4x-1868488/
187,ASROCK X570 PRO4,ATX,AM4,AMD X570,DDR4 ,4,3200,128,24+8 ,14190,https://www.citilink.ru/product/materinskaya-plata-asrock-x570-pro4-socketam4-amd-x570-atx-ret-1161974/
188,ASROCK H570M PRO4,mATX,LGA 1200,Intel H570,DDR4 ,4,2933,128,24+8+4 ,10990,https://www.citilink.ru/product/materinskaya-plata-asrock-h570m-pro4-soc-1200-intel-h570-4xddr4-matx-a-1485311/
189,ASUS PRIME Z790-P D4,ATX,LGA 1700,Intel Z790,DDR4 ,4,3200,128,24+8+4 ,20990,https://www.citilink.ru/product/materinskaya-plata-asus-prime-z790-p-d4-soc-1700-intel-z790-4xddr4-atx-1868472/
190,ASUS PRIME X670-P WIFI,ATX,AM5,AMD X670,DDR5 ,4,4800,128,24+8+4 ,28990,https://www.citilink.ru/product/materinskaya-plata-asus-prime-x670-p-wifi-socketam5-amd-x670-4xddr5-at-1881862/
191,ASUS PRIME B650M-A,mATX,AM5,AMD B650,DDR5 ,4,4800,128,24+8 ,16990,https://www.citilink.ru/product/materinskaya-plata-asus-prime-b650m-a-socketam5-amd-b650-4xddr5-matx-a-1885932/
192,GIGABYTE H610M K DDR4,mATX,LGA 1700,Intel H610,DDR4 ,2,3200,64,24+8 ,6990,https://www.citilink.ru/product/materinskaya-plata-gigabyte-h610m-k-ddr4-soc-1700-intel-h610-2xddr4-ma-1893609/
193,ASUS TUF GAMING Z790-PLUS WIFI D4,ATX,LGA 1700,Intel Z790,DDR4 ,4,3200,128,24+8+4 ,27990,https://www.citilink.ru/product/materinskaya-plata-asus-tuf-gaming-z790-plus-wifi-d4-soc-1700-intel-z7-1868490/
194,ASUS TUF GAMING B650M-PLUS,mATX,AM5,AMD B650,DDR5 ,4,5200,128,24+8+4 ,22060,https://www.citilink.ru/product/materinskaya-plata-asus-tuf-gaming-b650m-plus-socketam5-amd-b650-4xddr-1877961/
195,ASUS PRIME H610M-D D4,mATX,LGA 1700,Intel H610,DDR4 ,2,3200,64,24+8 ,7990,https://www.citilink.ru/product/materinskaya-plata-asus-prime-h610m-d-d4-soc-1700-intel-h610-2xddr4-ma-1676845/
196,GIGABYTE B760 AORUS ELITE AX,ATX,LGA 1700,Intel B760,DDR5 ,4,4800,128,24+8+4 ,18990,https://www.citilink.ru/product/materinskaya-plata-gigabyte-b760-aorus-elite-ax-soc-1700-intel-b760-4x-1893264/
197,ASUS ROG STRIX Z790-I GAMING WIFI,mini-ITX,LGA 1700,Intel Z790,DDR5 ,2,5600,64,24+8 ,45990,https://www.citilink.ru/product/materinskaya-plata-asus-rog-strix-z790-i-gaming-wifi-soc-1700-intel-z7-1868470/
198,ASUS ROG CROSSHAIR VIII HERO(WI-FI),ATX,AM4,AMD X570,DDR4 ,4,3200,128,24+8+4 ,36590,https://www.citilink.ru/product/materinskaya-plata-asus-rog-crosshair-viii-hero-wi-fi-soc-am4-amd-x570-1495446/
199,ASUS PRO Q670M-C-CSM,mATX,LGA 1700,Intel Q670,DDR5 ,4,4800,128,24+8 ,16990,https://www.citilink.ru/product/materinskaya-plata-asus-pro-q670m-c-csm-soc-1700-intel-q670-4xddr5-mat-1847499/
200,ASROCK H670 STEEL LEGEND,ATX,LGA 1700,Intel H670,DDR4 ,4,3200,128,24+8+4 ,14290,https://www.citilink.ru/product/materinskaya-plata-asrock-h670-steel-legend-soc-1700-intel-h610-4xddr4-1698595/
201,ASROCK H670 PG RIPTIDE,ATX,LGA 1700,Intel H670,DDR4 ,4,3200,128,24+8+4 ,12990,https://www.citilink.ru/product/materinskaya-plata-asrock-h670-pg-riptide-soc-1700-intel-h670-4xddr4-a-1787900/
202,ASROCK Z690 EXTREME,ATX,LGA 1700,Intel Z690,DDR4 ,4,3200,128,24+8+8 ,18990,https://www.citilink.ru/product/materinskaya-plata-asrock-z690-extreme-soc-1700-intel-z690-4xddr4-atx-1633393/
203,ASROCK Z590M PRO4,mATX,LGA 1200,Intel Z590,DDR4 ,4,3200,128,24+8+4 ,12690,https://www.citilink.ru/product/materinskaya-plata-asrock-z590m-pro4-lga-1200-intel-z590-matx-ret-1478005/
204,ASUS PRIME Z790M-PLUS D4,mATX,LGA 1700,Intel Z790,DDR4 ,4,3200,128,24+8+4 ,17490,https://www.citilink.ru/product/materinskaya-plata-asus-prime-z790m-plus-d4-soc-1700-intel-z790-4xddr4-1868452/
205,GIGABYTE Z690 AORUS ULTRA,ATX,LGA 1700,Intel Z690,DDR5 ,4,4800,128,24+8+4 ,32700,https://www.citilink.ru/product/materinskaya-plata-gigabyte-z690-aorus-ultra-soc-1700-intel-z690-atx-a-1618787/
206,ASUS ROG STRIX Z690-I GAMING WIFI,mini-ITX,LGA 1700,Intel Z690,DDR5 ,2,?,64,24+8 ,33990,https://www.citilink.ru/product/materinskaya-plata-asus-rog-strix-z690-i-gaming-wifi-soc-1700-intel-z6-1646238/
207,ASUS PRIME X299-A II,ATX,LGA 2066,Intel X299,DDR4 ,8,2933,256,24+8 ,28990,https://www.citilink.ru/product/materinskaya-plata-asus-prime-x299-a-ii-lga-2066-intel-x299-atx-ret-1200731/
208,ASUS ROG STRIX Z790-F GAMING WIFI,ATX,LGA 1700,Intel Z790,DDR5 ,4,5600,128,24+8+8 ,48640,https://www.citilink.ru/product/materinskaya-plata-asus-rog-strix-z790-f-gaming-wifi-soc-1700-intel-z7-1900923/
209,ASUS PROART Z790-CREATOR WIFI,ATX,LGA 1700,Intel Z790,DDR5 ,4,5600,128,24+8+6+4 ,57120,https://www.citilink.ru/product/materinskaya-plata-asus-proart-z790-creator-wifi-soc-1700-intel-z790-5-1897402/
210,ASUS PRO B560M-C/CSM,mATX,LGA 1200,Intel B560,DDR4 ,4,2933,128,24+8 ,12990,https://www.citilink.ru/product/materinskaya-plata-asus-pro-b560m-c-csm-soc-1200-intel-b560-4xddr4-mat-1498828/
211,GIGABYTE Z790 AORUS ELITE DDR4,ATX,LGA 1700,Intel Z790,DDR4 ,4,3200,128,24+8+8 ,22990,https://www.citilink.ru/product/materinskaya-plata-gigabyte-z790-a-elite-ddr4-soc-1700-intel-z790-4xdd-1892019/
212,ASUS PRIME B760M-K D4,mATX,LGA 1700,Intel B760,DDR4 ,2,3200,64,24+8 ,9990,https://www.citilink.ru/product/materinskaya-plata-asus-prime-b760m-k-d4-soc-1700-intel-b760-2xddr4-ma-1897344/
213,ASUS ROG STRIX B650E-I GAMING WIFI,mini-ITX,AM5,AMD B650,DDR5 ,2,5200,64,24+8 ,28990,https://www.citilink.ru/product/materinskaya-plata-asus-rog-strix-b650e-i-gaming-wifi-socketam5-amd-b6-1885928/
214,ASUS TUF GAMING Z790-PLUS WIFI,ATX,LGA 1700,Intel Z790,DDR5 ,4,5600,128,24+8+8 ,35720,https://www.citilink.ru/product/materinskaya-plata-asus-tuf-gaming-z790-plus-wifi-soc-1700-intel-z790-1897400/
215,ASUS PRIME Z590-P WIFI,ATX,LGA 1200,Intel Z590,DDR4 ,4,3200,128,24+8+4 ,19990,https://www.citilink.ru/product/materinskaya-plata-asus-prime-z590-p-wifi-soc-1200-intel-z590-4xddr4-a-1526554/
216,ASUS PROART B660-CREATOR D4,ATX,LGA 1700,Intel B660,DDR4 ,4,3200,128,24+8+4 ,19990,https://www.citilink.ru/product/materinskaya-plata-asus-proart-b660-creator-d4-soc-1700-intel-b660-4xd-1669379/
217,ASUS PRIME B760-PLUS D4,ATX,LGA 1700,Intel B760,DDR4 ,4,3200,128,24+8 ,14190,https://www.citilink.ru/product/materinskaya-plata-asus-prime-b760-plus-d4-soc-1700-intel-b760-4xddr4-1897338/
218,ASUS ROG STRIX B760-G GAMING WIFI D4,mATX,LGA 1700,Intel B760,DDR4 ,4,3200,128,24+8+4 ,24180,https://www.citilink.ru/product/materinskaya-plata-asus-rog-strix-b760-g-gaming-wifi-d4-soc-1700-intel-1897349/
219,ASUS PROART Z690-CREATOR WIFI,ATX,LGA 1700,Intel Z690,DDR5 ,4,4800,128,24+8+4 ,40990,https://www.citilink.ru/product/materinskaya-plata-asus-proart-z690-creator-wifi-soc-1700-intel-z690-4-1691963/
220,MSI PRO Z790-P WIFI DDR4,ATX,LGA 1700,Intel Z790,DDR4 ,4,3200,128,24+8+8 ,20250,https://www.citilink.ru/product/materinskaya-plata-msi-pro-z790-p-wifi-ddr4-soc-1700-intel-z790-4xddr4-1907565/
221,ASUS TUF GAMING B760M-PLUS WIFI D4,mATX,LGA 1700,Intel B760,DDR4 ,4,3200,128,24+8+4 ,18990,https://www.citilink.ru/product/materinskaya-plata-asus-tuf-gaming-b760m-plus-wifi-d4-soc-1700-intel-b-1897361/
222,ASUS PRIME H410M-D,mATX,LGA 1200,Intel H410,DDR4 ,2,2933,64,24+8 ,8960,https://www.citilink.ru/product/materinskaya-plata-asus-prime-h410m-d-soc-1200-intel-h410-2xddr4-matx-1393260/
223,ASUS ROG STRIX B760-A GAMING WIFI D4,ATX,LGA 1700,Intel B760,DDR4 ,4,3200,128,24+8+4 ,25600,https://www.citilink.ru/product/materinskaya-plata-asus-rog-strix-b760-a-gaming-wifi-d4-soc-1700-intel-1897346/
224,ASROCK Z790 PRO RS/D4,ATX,LGA 1700,Intel Z790,DDR4 ,4,3200,128,24+8+8 ,19990,https://www.citilink.ru/product/materinskaya-plata-asrock-z790-pro-rs-d4-soc-1700-intel-z790-4xddr4-at-1896152/
225,MSI MPG Z790 EDGE WIFI DDR4,ATX,LGA 1700,Intel Z790,DDR4 ,4,3200,128,24+8+8 ,33090,https://www.citilink.ru/product/materinskaya-plata-msi-mpg-z790-edge-wifi-ddr4-soc-1700-intel-z790-4xd-1907527/
226,ASUS PRO H510M-C/CSM,mATX,LGA 1200,Intel H510,DDR4 ,2,2933,64,24+8 ,10890,https://www.citilink.ru/product/materinskaya-plata-asus-pro-h510m-c-csm-soc-1200-intel-h510-2xddr4-mat-1498824/
227,ASUS PRIME Z590-P,ATX,LGA 1200,Intel Z590,DDR4 ,4,3200,128,24+8+4 ,15990,https://www.citilink.ru/product/materinskaya-plata-asus-prime-z590-p-lga-1200-intel-z590-atx-ret-1471262/
228,ASUS ROG STRIX Z590-I GAMING WIFI,mini-ITX,LGA 1200,Intel Z590,DDR4 ,2,3200,64,24+8 ,33980,https://www.citilink.ru/product/materinskaya-plata-asus-rog-strix-z590-i-gaming-wifi-lga-1200-intel-z5-1471257/
229,ASUS ROG MAXIMUS Z690 APEX,ATX,LGA 1700,Intel Z690,DDR5 ,2,4800,64,24+8+8 ,89990,https://www.citilink.ru/product/materinskaya-plata-asus-rog-maximus-z690-apex-soc-1700-intel-z690-2xdd-1635887/
230,ASUS ROG STRIX X670E-A GAMING WIFI,ATX,AM5,AMD X670,DDR5 ,4,5200,128,24+8+8 ,40990,https://www.citilink.ru/product/materinskaya-plata-asus-rog-strix-x670e-a-gaming-wifi-socketam5-amd-x6-1906189/
231,ASUS PRIME H770-PLUS D4,ATX,LGA 1700,Intel H770,DDR4 ,4,3200,128,24+8 ,15590,https://www.citilink.ru/product/materinskaya-plata-asus-prime-h770-plus-d4-soc-1700-intel-h770-4xddr4-1897391/
232,ASUS PRIME B760M-A WIFI D4,mATX,LGA 1700,Intel B760,DDR4 ,4,3200,128,24+8 ,15990,https://www.citilink.ru/product/materinskaya-plata-asus-prime-b760m-a-wifi-d4-soc-1700-intel-b760-4xdd-1897343/
233,ASUS PRIME B760M-A D4,mATX,LGA 1700,Intel B760,DDR4 ,4,3200,128,24+8 ,14490,https://www.citilink.ru/product/materinskaya-plata-asus-prime-b760m-a-d4-soc-1700-intel-b760-4xddr4-ma-1897342/
234,MSI PRO Z790-P DDR4,ATX,LGA 1700,Intel Z790,DDR4 ,4,3200,128,24+8+8 ,19070,https://www.citilink.ru/product/materinskaya-plata-msi-pro-z790-p-ddr4-soc-1700-intel-z790-4xddr4-atx-1907567/
235,ASUS PRIME H410M-A,mATX,LGA 1200,Intel H410,DDR4 ,2,2933,64,24+8 ,6830,https://www.citilink.ru/product/materinskaya-plata-asus-prime-h410m-a-soc-1200-intel-h410-2xddr4-atx-a-1379727/
236,MSI MAG Z790 TOMAHAWK WIFI DDR4,ATX,LGA 1700,Intel Z790,DDR4 ,4,3200,128,24+8+8 ,28490,https://www.citilink.ru/product/materinskaya-plata-msi-mag-z790-tomahawk-wifi-ddr4-soc-1700-intel-z790-1907518/
237,ASUS PROART X670E-CREATOR WIFI,ATX,AM5,AMD X670,DDR5 ,4,5200,128,24+8+8 ,52080,https://www.citilink.ru/product/materinskaya-plata-asus-proart-x670e-creator-wifi-socketam5-amd-x670-4-1900921/
238,MSI MAG B760M MORTAR WIFI DDR4,mATX,LGA 1700,Intel B760,DDR4 ,4,3200,128,24+8+8 ,19990,https://www.citilink.ru/product/materinskaya-plata-msi-mag-b760m-mortar-wifi-ddr4-soc-1700-intel-b760-1907418/
239,MSI PRO B760M-A WIFI DDR4,mATX,LGA 1700,Intel B760,DDR4 ,4,3200,128,24+8+4 ,13990,https://www.citilink.ru/product/materinskaya-plata-msi-pro-b760m-a-wifi-ddr4-soc-1700-intel-b760-4xddr-1907537/
240,MSI B550-A PRO,ATX,AM4,AMD B550,DDR4 ,4,3200,128,24+8 ,13280,https://www.citilink.ru/product/materinskaya-plata-msi-b550-a-pro-soc-am4-amd-b550-4xddr4-atx-ac-97-8c-1410227/
241,MSI PRO B760-P WIFI DDR4,ATX,LGA 1700,Intel B760,DDR4 ,4,3200,128,24+8+4 ,17990,https://www.citilink.ru/product/materinskaya-plata-msi-pro-b760-p-wifi-ddr4-soc-1700-intel-b760-4xddr4-1907534/
242,MSI MAG Z790 TOMAHAWK WIFI,ATX,LGA 1700,Intel Z790,DDR5 ,4,5600,192,24+8+8 ,29990,https://www.citilink.ru/product/materinskaya-plata-msi-mag-z790-tomahawk-wifi-soc-1700-intel-z790-4xdd-1907523/
243,ASUS PRO H610T D4-CSM,mini-ITX,LGA 1700,Intel H610,DDR4 ,2,3200,64,?,12460,https://www.citilink.ru/product/materinskaya-plata-asus-pro-h610t-d4-csm-soc-1700-intel-h610-2xddr4-mi-1892062/
244,ASUS ROG CROSSHAIR X670E GENE,mATX,AM5,AMD X670,DDR5 ,2,5200,?,24+8+8 ,57990,https://www.citilink.ru/product/materinskaya-plata-asus-rog-crosshair-x670e-gene-socketam5-amd-x670-2x-1906179/
245,MSI MAG B760M MORTAR MAX WIFI DDR4,mATX,LGA 1700,Intel B760,DDR4 ,4,3200,64,24+8+8 ,21990,https://www.citilink.ru/product/materinskaya-plata-msi-mag-b760m-mortar-max-wifi-ddr4-soc-1700-intel-b-1907570/
246,ASUS PROART B760-CREATOR D4,ATX,LGA 1700,Intel B760,DDR4 ,4,3200,128,24+8+4 ,23990,https://www.citilink.ru/product/materinskaya-plata-asus-proart-b760-creator-d4-soc-1700-intel-b660-4xd-1906197/
247,MSI PRO B760M-P DDR4,mATX,LGA 1700,Intel B760,DDR4 ,4,3200,128,24+8 ,11990,https://www.citilink.ru/product/materinskaya-plata-msi-pro-b760m-p-ddr4-soc-1700-intel-b760-4xddr4-mat-1907541/
248,ASUS PRIME B560M-K,mATX,LGA 1200,Intel B560,DDR4 ,2,2933,128,24+8 ,8990,https://www.citilink.ru/product/materinskaya-plata-asus-prime-b560m-k-soc-1200-intel-b560-2xddr4-matx-1494279/
249,MSI H310M PRO-VDH PLUS,mATX,LGA 1151v2,Intel H310,DDR4 ,2,2666,64,24+8 ,6000,https://www.citilink.ru/product/materinskaya-plata-msi-h310m-pro-vdh-plus-lga-1151v2-intel-h310-matx-r-1100872/
250,ASROCK B660 PRO RS,ATX,LGA 1700,Intel B660,DDR4 ,4,3200,32,24+8 ,12990,https://www.citilink.ru/product/materinskaya-plata-asrock-b660-pro-rs-soc-1700-intel-b660-4xddr4-atx-a-1676830/
251,ASUS ROG STRIX B660-I GAMING WIFI,mini-ITX,LGA 1700,Intel B660,DDR5 ,2,4800,128,24+8 ,21900,https://www.citilink.ru/product/materinskaya-plata-asus-rog-strix-b660-i-gaming-wifi-soc-1700-intel-b6-1669377/
252,ASUS PRIME H510M-R-SI,mATX,LGA 1200,Intel H510,DDR4 ,2,2933,64,24+4 ,6590,https://www.citilink.ru/product/materinskaya-plata-asus-prime-h510m-r-si-soc-1200-intel-h510-2xddr4-ma-1578614/
253,MSI MAG B560M BAZOOKA,mATX,LGA 1200,Intel B560,DDR4 ,4,2933,64,24+8 ,10490,https://www.citilink.ru/product/materinskaya-plata-msi-mag-b560m-bazooka-soc-1200-intel-b560-4xddr4-ma-1546426/
254,ASROCK B560 PRO4,ATX,LGA 1200,Intel B560,DDR4 ,4,2933,128,24+8 ,9990,https://www.citilink.ru/product/materinskaya-plata-asrock-b560-pro4-lga-1200-intel-b560-atx-ret-1478002/
255,ASUS ROG STRIX B550-E GAMING,ATX,AM4,AMD B550,DDR4 ,4,3200,128,24+8+4 ,22990,https://www.citilink.ru/product/materinskaya-plata-asus-rog-strix-b550-e-gaming-soc-am4-amd-b550-4xddr-1384336/
256,GIGABYTE X570S AERO G,ATX,AM4,AMD X570,DDR4 ,4,2933,128,24+8+4 ,26990,https://www.citilink.ru/product/materinskaya-plata-gigabyte-x570s-aero-g-soc-am4-amd-x570-4xddr4-atx-a-1637386/
257,ASROCK Z790M PG LIGHTNING/D4,mATX,LGA 1700,Intel Z790,DDR4 ,4,3200,128,24+8+4 ,15990,https://www.citilink.ru/product/materinskaya-plata-asrock-z790m-pg-lightning-d4-soc-1700-intel-z790-4x-1886352/
258,MSI PRO B760M-G DDR4,mATX,LGA 1700,Intel B760,DDR4 ,2,3200,64,24+8 ,11990,https://www.citilink.ru/product/materinskaya-plata-msi-pro-b760m-g-ddr4-soc-1700-intel-b760-2xddr4-mat-1907540/
259,MSI MAG B760 TOMAHAWK WIFI,ATX,LGA 1700,Intel B760,DDR5 ,4,5600,128,24+8+8+6 ,23990,https://www.citilink.ru/product/materinskaya-plata-msi-mag-b760-tomahawk-wifi-soc-1700-intel-b760-4xdd-1907415/
260,MSI MAG B760 TOMAHAWK WIFI DDR4,ATX,LGA 1700,Intel B760,DDR4 ,4,3200,128,24+8+8 ,23990,https://www.citilink.ru/product/materinskaya-plata-msi-mag-b760-tomahawk-wifi-ddr4-soc-1700-intel-b760-1907413/
261,ASUS ROG STRIX X670E-I GAMING WIFI,mini-ITX,AM5,AMD X670,DDR5 ,2,5200,64,24+8 ,45990,https://www.citilink.ru/product/materinskaya-plata-asus-rog-strix-x670e-i-gaming-wifi-socketam5-amd-x6-1906191/
262,ASUS TUF GAMING B760-PLUS WIFI D4,ATX,LGA 1700,Intel B760,DDR4 ,4,3200,128,24+8+4 ,19790,https://www.citilink.ru/product/materinskaya-plata-asus-tuf-gaming-b760-plus-wifi-d4-soc-1700-intel-b7-1897354/
263,ASROCK Z790 PRO RS WIFI,ATX,LGA 1700,Intel Z790,DDR5 ,4,4800,128,24+8+8 ,22990,https://www.citilink.ru/product/materinskaya-plata-asrock-z790-pro-rs-wifi-soc-1700-intel-z790-4xddr5-1896155/
264,GIGABYTE B760M G X AX DDR4,mATX,LGA 1700,Intel B760,DDR4 ,4,3200,128,24+8 ,13990,https://www.citilink.ru/product/materinskaya-plata-gigabyte-b760m-g-x-ax-ddr4-soc-1700-intel-b760-4xdd-1893556/
265,GIGABYTE B760M GAMING DDR4,mATX,LGA 1700,Intel B760,DDR4 ,2,3200,64,24+8 ,9490,https://www.citilink.ru/product/materinskaya-plata-gigabyte-b760m-gaming-ddr4-soc-1700-intel-b760-2xdd-1884430/
266,GIGABYTE B650M DS3H,mATX,AM5,AMD B650,DDR5 ,4,5200,128,24+8 ,14890,https://www.citilink.ru/product/materinskaya-plata-gigabyte-b650m-ds3h-socketam5-amd-b650-4xddr5-matx-1875860/
267,GIGABYTE X670 GAMING X AX,ATX,AM5,AMD X670,DDR5 ,4,5200,128,24+8+8 ,27990,https://www.citilink.ru/product/materinskaya-plata-gigabyte-x670-gaming-x-ax-socketam5-amd-x670-4xddr5-1875586/
268,GIGABYTE H610I DDR4,mini-ITX,LGA 1700,Intel H610,DDR4 ,2,3200,64,24+4 ,9490,https://www.citilink.ru/product/materinskaya-plata-gigabyte-h610i-ddr4-soc-1700-intel-h610-2xddr4-mini-1861076/
269,ASUS PRO B660M-C-CSM,mATX,LGA 1700,Intel B660,DDR5 ,4,4800,128,24+8 ,15680,https://www.citilink.ru/product/materinskaya-plata-asus-pro-b660m-c-csm-soc-1700-intel-b660-4xddr5-mat-1837206/
270,GIGABYTE B660I AORUS PRO DDR4,mini-ITX,LGA 1700,Intel B660,DDR4 ,2,3200,64,24+8 ,16990,https://www.citilink.ru/product/materinskaya-plata-gigabyte-b660i-aorus-pro-ddr4-soc-1700-intel-b660-2-1836142/
271,ASROCK B550 PG RIPTIDE,ATX,AM4,AMD B550,DDR4 ,4,3200,128,24+8+4 ,11890,https://www.citilink.ru/product/materinskaya-plata-asrock-b550-pg-riptide-soc-am4-amd-b550-4xddr4-atx-1781489/
272,MSI PRO B660M-A DDR4,mATX,LGA 1700,Intel B660,DDR4 ,4,3200,128,24+8+4 ,17000,https://www.citilink.ru/product/materinskaya-plata-msi-pro-b660m-a-ddr4-soc-1700-intel-b660-4xddr4-mat-1781378/
273,ASROCK B660M PHANTOM GAMING 4,mATX,LGA 1700,Intel B660,DDR4 ,4,3200,128,24+8 ,10990,https://www.citilink.ru/product/materinskaya-plata-asrock-b660m-phantom-gaming-4-soc-1700-intel-b660-4-1714409/
274,ASROCK H670M PRO RS,mATX,LGA 1700,Intel H670,DDR4 ,4,3200,128,24+8+4 ,11490,https://www.citilink.ru/product/materinskaya-plata-asrock-h670m-pro-rs-soc-1700-intel-h610-4xddr4-matx-1714389/
275,ASROCK H610M-ITX/AC,mini-ITX,LGA 1700,Intel H610,DDR4 ,2,3200,64,24+8 ,9990,https://www.citilink.ru/product/materinskaya-plata-asrock-h610m-itx-ac-soc-1700-intel-h610-2xddr4-mini-1698592/
276,ASUS ROG STRIX B660-A GAMING WIFI,ATX,LGA 1700,Intel B660,DDR5 ,4,4800,128,24+8+4 ,19790,https://www.citilink.ru/product/materinskaya-plata-asus-rog-strix-b660-a-gaming-wifi-soc-1700-intel-b6-1680425/
277,ASUS ROG STRIX B660-G GAMING WIFI,mATX,LGA 1700,Intel B660,DDR5 ,4,4800,128,24+8 ,23380,https://www.citilink.ru/product/materinskaya-plata-asus-rog-strix-b660-g-gaming-wifi-soc-1700-intel-b6-1669376/
278,ASROCK Z690 PRO RS,ATX,LGA 1700,Intel Z690,DDR4 ,4,3200,128,24+8+4 ,15990,https://www.citilink.ru/product/materinskaya-plata-asrock-z690-pro-rs-soc-1700-intel-z690-4xddr4-atx-a-1646542/
279,ASUS PRO Q570M-C/CSM,mATX,LGA 1200,Intel Q570,DDR4 ,4,2933,128,24+8 ,15990,https://www.citilink.ru/product/materinskaya-plata-asus-pro-q570m-c-csm-soc-1200-intel-q570-4xddr4-mat-1511495/
280,GIGABYTE B560M AORUS PRO,mATX,LGA 1200,Intel B560,DDR4 ,4,3200,128,24+8 ,13190,https://www.citilink.ru/product/materinskaya-plata-gigabyte-b560m-aorus-pro-soc-1200-intel-b560-4xddr4-1490282/
