,name,formFactor,power,fan,pin,GPUpin,price,link
0,Aerocool VX PLUS 500W,"ATX, 12V v2.3",500 Вт,120мм,24+4+4 pin,6+2 pin,2470,https://www.citilink.ru/product/blok-pitaniya-aerocool-vx-plus-500w-500vt-120mm-chernyi-retail-vx-500-1049256/
1,Aerocool VX PLUS 600W,"ATX, 12V v2.3",600 Вт,120мм,24+4+4 pin,2х(6+2) pin,2980,https://www.citilink.ru/product/blok-pitaniya-aerocool-vx-plus-600w-600vt-120mm-chernyi-retail-vx-600-1049258/
2,Aerocool VX PLUS 650W,"ATX, 12V v2.3",650 Вт,120мм,24+4+4 pin,2х(6+2) pin,3290,https://www.citilink.ru/product/blok-pitaniya-aerocool-vx-plus-650w-650vt-120mm-chernyi-retail-vx-650-1049259/
3,Aerocool VX PLUS 750W,"ATX, 12V v2.3",750 Вт,120мм,24+4+4 pin,2х(6+2) pin,3890,https://www.citilink.ru/product/blok-pitaniya-aerocool-vx-plus-750w-750vt-120mm-chernyi-retail-vx-750-1049261/
4,Aerocool VX PLUS 400W,"ATX, 12V v2.3",400 Вт,120мм,24+4+4 pin,6 pin,2090,https://www.citilink.ru/product/blok-pitaniya-aerocool-vx-plus-400w-400vt-120mm-chernyi-retail-vx-400-1049254/
5,Aerocool VX PLUS,"ATX, 12V v2.3",350 Вт,120мм,24+4+4 pin,отсутствует,1590,https://www.citilink.ru/product/blok-pitaniya-aerocool-vx-plus-350vt-120mm-chernyi-retail-vx-350-plus-1049253/
6,Accord ACC-500W-NP,ATX,500 Вт,120мм,24+4+4 pin,6+2 pin,2650,https://www.citilink.ru/product/blok-pitaniya-accord-acc-500w-np-500vt-120mm-acc-500-np-1208698/
7,Aerocool VX PLUS 450W,"ATX, 12V v2.3",450 Вт,120мм,24+4+4 pin,6 pin,2350,https://www.citilink.ru/product/blok-pitaniya-aerocool-vx-plus-450w-450vt-120mm-chernyi-retail-vx-450-1049255/
8,Aerocool VX PLUS 700W,"ATX, 12V v2.3",700 Вт,120мм,24+4+4 pin,2х(6+2) pin,3690,https://www.citilink.ru/product/blok-pitaniya-aerocool-vx-plus-700w-700vt-120mm-chernyi-retail-vx-700-1049260/
9,Aerocool VX PLUS 550W,"ATX, 12V v2.3",550 Вт,120мм,24+4+4 pin,6+2 pin,2730,https://www.citilink.ru/product/blok-pitaniya-aerocool-vx-plus-550w-550vt-120mm-chernyi-retail-vx-550-1049257/
10,Accord ACC-350W-12,"ATX, 12V v2.3",350 Вт,120мм,24+4+4 pin,6 pin,1390,https://www.citilink.ru/product/blok-pitaniya-accord-acc-350w-12-350vt-120mm-acc-350-12-877950/
11,Aerocool KCAS PLUS 800,"ATX, 12V v2.4",800 Вт,120мм,24+4+4 pin,4х(6+2) pin,5460,https://www.citilink.ru/product/blok-pitaniya-aerocool-kcas-plus-800-800vt-120mm-chernyi-retail-kcas-8-1049270/
12,Aerocool KCAS PLUS 700,"ATX, 12V v2.4",700 Вт,120мм,24+4+4 pin,4х(6+2) pin,5810,https://www.citilink.ru/product/blok-pitaniya-aerocool-kcas-plus-700-700vt-120mm-chernyi-retail-kcas-7-1049265/
13,Aerocool KCAS PLUS GOLD 850W ARGB,"ATX, 12V v2.52",850 Вт,120мм,24+2x(4+4) pin,3х(6+2) pin,9070,https://www.citilink.ru/product/blok-pitaniya-aerocool-kcas-plus-gold-850w-rgb-850vt-120mm-retail-acpg-1440796/
14,Accord ACC-600W-NP,ATX,600 Вт,120мм,24+4+4 pin,6+2 pin,2990,https://www.citilink.ru/product/blok-pitaniya-accord-atx-600w-acc-600w-np-24-4-4pin-120mm-fan-4xsata-1479118/
15,Accord ACC-400W-12,ATX,400 Вт,120мм,24+4+4 pin,6 pin,1800,https://www.citilink.ru/product/blok-pitaniya-accord-acc-400w-12-400vt-120mm-acc-400-12-877951/
16,Accord ACC-450W-12,ATX,450 Вт,120мм,20+4 pin,6 pin,1980,https://www.citilink.ru/product/blok-pitaniya-accord-acc-450w-12-450vt-120mm-acc-450-12-877952/
17,Aerocool KCAS PLUS 600,"ATX, 12V v2.4",600 Вт,120мм,24+4+4 pin,4х(6+2) pin,4390,https://www.citilink.ru/product/blok-pitaniya-aerocool-kcas-plus-600-600vt-120mm-chernyi-retail-kcas-6-1049264/
18,Aerocool AERO BRONZE,"ATX, 12V v2.52",750 Вт,120мм,24+2x(4+4) pin,4х(6+2) pin,6000,https://www.citilink.ru/product/blok-pitaniya-aerocool-aero-bronze-750vt-120mm-chernyi-retail-aero-bro-1207087/
19,Aerocool ECO-500,"ATX, 12V v2.3",500 Вт,120мм,24+4 pin,1х6 pin,1990,https://www.citilink.ru/product/blok-pitaniya-aerocool-eco-500-500vt-120mm-seryi-retail-1170085/
20,Zalman ZM750-GVII,"ATX, 12V v2.3",750 Вт,120мм,24+4+4 pin,4х(6+2) pin,7070,https://www.citilink.ru/product/blok-pitaniya-zalman-atx-750w-zm750-gvii-80-bronze-20-4pin-apfc-135mm-1774705/
21,GIGABYTE GP-UD750GM,"ATX, 12V v2.31",750 Вт,120мм,24+2x(4+4) pin,4х(6+2) pin,11170,https://www.citilink.ru/product/blok-pitaniya-gigabyte-atx-750w-gp-ud750gm-80-gold-24-2x-4-4-pin-apfc-1777099/
22,Aerocool CYLON 600,"ATX, 12V v2.4",600 Вт,120мм,24+4+4 pin,2х(6+2) pin,4990,https://www.citilink.ru/product/blok-pitaniya-aerocool-cylon-600-600vt-120mm-chernyi-retail-1111164/
23,Aerocool ECO-550,"ATX, 12V v2.3",550 Вт,120мм,24+4+4 pin,6+2 pin,2260,https://www.citilink.ru/product/blok-pitaniya-aerocool-eco-550-550vt-120mm-retail-1184523/
24,Thermaltake TR2 S,"ATX, 12V v2.3",700 Вт,120мм,24+4+4 pin,2х(6+2) pin,5520,https://www.citilink.ru/product/blok-pitaniya-thermaltake-tr2-s-700vt-120mm-chernyi-retail-ps-trs-0700-365401/
25,GIGABYTE GP-P650B,"ATX, 12V v2.31",650 Вт,120мм,24+4+4 pin,4х(6+2) pin,7010,https://www.citilink.ru/product/blok-pitaniya-gigabyte-atx-650w-gp-p650b-80-bronze-24-4-4pin-apfc-120m-1422402/
26,GIGABYTE AORUS GP-AP850GM,"ATX, 12V v2.31",850 Вт,135мм,24+2x(4+4) pin,6х(6+2) pin,12870,https://www.citilink.ru/product/blok-pitaniya-gigabyte-atx-750w-aorus-gp-ap850gm-80-gold-24-4-4pin-apf-1422488/
27,Thermaltake Smart RGB 700,"ATX, 12V v2.3",700 Вт,120мм,24+4+4 pin,2х(6+2) pin,5840,https://www.citilink.ru/product/blok-pitaniya-thermaltake-smart-rgb-700-700vt-120mm-chernyi-retail-ps-482448/
28,GIGABYTE GP-UD850GM,ATX,850 Вт,120мм,24+2x(4+4) pin,4х(6+2) pin,11230,https://www.citilink.ru/product/blok-pitaniya-gigabyte-atx-850w-gp-ud850gm-80-gold-24-2x-4-4-pin-apfc-1777105/
29,Aerocool CYLON 500,"ATX, 12V v2.4",500 Вт,120мм,24+4+4 pin,2х(6+2) pin,3690,https://www.citilink.ru/product/blok-pitaniya-aerocool-cylon-500-500vt-120mm-chernyi-retail-1111163/
30,Aerocool AERO WHITE,"ATX, 12V v2.4",650 Вт,120мм,24+4+4 pin,2х(6+2) pin,5650,https://www.citilink.ru/product/blok-pitaniya-aerocool-aero-white-650vt-120mm-chernyi-retail-aero-whit-1207080/
31,Cooler Master MWE White V2 750W,"ATX, 12V v2.52",750 Вт,120мм,24+8+4+4 pin,4х(6+2) pin,8180,https://www.citilink.ru/product/blok-pitaniya-cooler-master-mwe-white-v2-750w-750vt-120mm-retail-mpe-7-1466350/
32,Zalman ZM700-LXII,"ATX, 12V v2.31",700 Вт,120мм,20+4 pin,4х(6+2) pin,5020,https://www.citilink.ru/product/blok-pitaniya-zalman-atx-700w-zm700-lxii-24-4-4pin-apfc-120mm-fan-6xsa-1775090/
33,Cooler Master MWE White V2,"ATX, 12V v2.52",700 Вт,120мм,24+8+4+4 pin,4х(6+2) pin,7500,https://www.citilink.ru/product/blok-pitaniya-cooler-master-mwe-white-v2-700vt-120mm-retail-mpe-7001-a-1468756/
34,Aerocool KCAS PLUS 500,"ATX, 12V v2.4",500 Вт,120мм,24+4+4 pin,2х(6+2) pin,4030,https://www.citilink.ru/product/blok-pitaniya-aerocool-kcas-plus-500-500vt-120mm-chernyi-retail-kcas-5-1049262/
35,Aerocool CYLON 700,"ATX, 12V v2.4",700 Вт,120мм,24+4+4 pin,4х(6+2) pin,4490,https://www.citilink.ru/product/blok-pitaniya-aerocool-cylon-700-700vt-120mm-chernyi-retail-1111165/
36,Aerocool AERO WHITE,"ATX, 12V v2.4",700 Вт,120мм,24+4+4 pin,4х(6+2) pin,4780,https://www.citilink.ru/product/blok-pitaniya-aerocool-aero-white-700vt-120mm-chernyi-retail-aero-whit-1207082/
37,DeepCool PQ850M,"ATX, 12V v2.4",850 Вт,120мм,24+2x(4+4) pin,3х(6+2) pin,11610,https://www.citilink.ru/product/blok-pitaniya-deepcool-atx-850w-pq850m-80-gold-20-4pin-apfc-120mm-fan-1781665/
38,DeepCool PQ750M,ATX,750 Вт,120мм,20+4 pin,3х(6+2) pin,10990,https://www.citilink.ru/product/blok-pitaniya-deepcool-atx-750w-pq750m-80-gold-20-4pin-apfc-140mm-fan-1781696/
39,Aerocool KCAS PLUS 1000GM V2,"ATX, 12V v2.4",1000 Вт,140мм,24+8+4+4 pin,6х(6+2) pin,12400,https://www.citilink.ru/product/blok-pitaniya-aerocool-atx-1000w-kcas-plus-1000gm-v2-24-8-4-4pin-apfc-1699844/
40,DeepCool PF750,ATX,750 Вт,120мм,24+2x(4+4) pin,4х(6+2) pin,4320,https://www.citilink.ru/product/blok-pitaniya-deepcool-atx-750w-pf750-80-plus-white-20-4pin-apfc-120mm-1781866/
41,Thermaltake TR2 S,"ATX, 12V v2.3",600 Вт,120мм,24+4+4 pin,2х(6+2) pin,5200,https://www.citilink.ru/product/blok-pitaniya-thermaltake-tr2-s-600vt-120mm-chernyi-retail-ps-trs-0600-365399/
42,Aerocool ECO-450,"ATX, 12V v2.3",450 Вт,120мм,24+4 pin,6 pin,1800,https://www.citilink.ru/product/blok-pitaniya-aerocool-eco-450-450vt-120mm-seryi-retail-1144283/
43,Formula Formula-AP600-80,ATX,600 Вт,120мм,24+4+4 pin,2х(6+2) pin,5200,https://www.citilink.ru/product/blok-pitaniya-formula-formula-ap600-80-600vt-120mm-chernyi-retail-1179260/
44,Aerocool KCAS PLUS GOLD 750W RGB,"ATX, 12V v2.52",750 Вт,120мм,24+2x(4+4) pin,3х(6+2) pin,7990,https://www.citilink.ru/product/blok-pitaniya-aerocool-kcas-plus-gold-750w-rgb-750vt-120mm-retail-acpg-1440795/
45,DeepCool PQ1000M,ATX,1000 Вт,120мм,20+4 pin,3х(6+2) pin,14410,https://www.citilink.ru/product/blok-pitaniya-deepcool-atx-1000w-pq1000m-80-gold-20-4pin-apfc-120mm-fa-1781578/
46,DeepCool PF550,"ATX, 12V v2.4",550 Вт,120мм,20+4 pin,2х(6+2) pin,3470,https://www.citilink.ru/product/blok-pitaniya-deepcool-atx-550w-pf550-80-plus-white-20-4pin-apfc-120mm-1781872/
47,Aerocool AERO WHITE,"ATX, 12V v2.4",600 Вт,120мм,24+4+4 pin,2х(6+2) pin,4390,https://www.citilink.ru/product/blok-pitaniya-aerocool-aero-white-600vt-120mm-chernyi-retail-aero-whit-1207079/
48,DeepCool PF600,"ATX, 12V v2.4",600 Вт,120мм,24+2x(4+4) pin,4х(6+2) pin,3990,https://www.citilink.ru/product/blok-pitaniya-deepcool-atx-600w-pf600-80-plus-white-20-4pin-apfc-120mm-1781871/
49,Zalman ZM600-LXII,"ATX, 12V v2.3",600 Вт,120мм,24+4+4 pin,2х(6+2) pin,4680,https://www.citilink.ru/product/blok-pitaniya-zalman-atx-600w-zm600-lxii-24-4-4pin-apfc-120mm-fan-6xsa-1775089/
50,Thermaltake TR2 S,"ATX, 12V v2.3",500 Вт,120мм,24+4+4 pin,2х(6+2) pin,4940,https://www.citilink.ru/product/blok-pitaniya-thermaltake-tr2-s-500vt-120mm-chernyi-retail-ps-trs-0500-365392/
51,DeepCool PF450,"ATX, 12V v2.4",450 Вт,120мм,24+4+4 pin,2х(6+2) pin,3410,https://www.citilink.ru/product/blok-pitaniya-deepcool-atx-450w-pf450-80-plus-white-20-4pin-apfc-120mm-1781886/
52,DeepCool PM800D,"ATX, 12V v2.4",800 Вт,120мм,20+4 pin,3х(6+2) pin,7790,https://www.citilink.ru/product/blok-pitaniya-deepcool-atx-800w-pm800d-80-gold-20-4pin-apfc-120mm-fan-1781790/
53,Aerocool SX-400,SFX,400 Вт,80мм,24+4+4 pin,отсутствует,2190,https://www.citilink.ru/product/blok-pitaniya-aerocool-sx-400-400vt-80mm-chernyi-retail-388484/
54,Aerocool ECO-400,"ATX, 12V v2.3",400 Вт,120мм,24+4 pin,6 pin,1690,https://www.citilink.ru/product/blok-pitaniya-aerocool-eco-400-400vt-120mm-retail-1127630/
55,Aerocool KCAS PLUS GOLD 650W ARGB,"ATX, 12V v2.52",650 Вт,120мм,24+2x(4+4) pin,2х(6+2) pin,7490,https://www.citilink.ru/product/blok-pitaniya-aerocool-kcas-plus-gold-650w-rgb-650vt-120mm-retail-acpg-1440793/
56,Zalman ZM650-GVII,"ATX, 12V v2.31",650 Вт,120мм,20+4 pin,2х(6+2) pin,6110,https://www.citilink.ru/product/blok-pitaniya-zalman-atx-650w-zm650-gvii-80-bronze-20-4pin-apfc-135mm-1775083/
57,DeepCool DQ750-M-V2L,"ATX, 12V v2.31",750 Вт,120мм,20+4 pin,4х(6+2) pin,9590,https://www.citilink.ru/product/blok-pitaniya-deepcool-atx-750w-dq750-m-v2l-80-gold-20-4pin-apfc-120mm-1781757/
58,Aerocool AERO BRONZE,ATX,650 Вт,120мм,24+4+4 pin,2х(6+2) pin,5190,https://www.citilink.ru/product/blok-pitaniya-aerocool-aero-bronze-650vt-120mm-chernyi-retail-aero-bro-1207085/
59,DeepCool DQ650-M-V2L,"ATX, 12V v2.31",650 Вт,120мм,24+4+4 pin,2х(6+2) pin,8490,https://www.citilink.ru/product/blok-pitaniya-deepcool-atx-650w-dq650-m-v2l-80-gold-20-4pin-apfc-120mm-1781768/
60,Aerocool KCAS PLUS 1200GM V2,"ATX, 12V v2.4",1200 Вт,140мм,24+8+4+4 pin,8х(6+2) pin,13360,https://www.citilink.ru/product/blok-pitaniya-aerocool-atx-1200w-kcas-plus-1200gm-v2-24-8-4-4pin-apfc-1699845/
61,Thermaltake Toughpower Grand RGB,"ATX, 12V v2.4",850 Вт,140мм,24+4+4 pin,6х(6+2) pin,15070,https://www.citilink.ru/product/blok-pitaniya-thermaltake-toughpower-grand-rgb-850vt-140mm-chernyi-ret-428834/
62,DeepCool PF400,ATX,400 Вт,120мм,24+2x(4+4) pin,2х(6+2) pin,2850,https://www.citilink.ru/product/blok-pitaniya-deepcool-atx-400w-pf400-80-plus-white-20-4pin-apfc-120mm-1781891/
63,DeepCool DA500,"ATX, 12V v2.3",500 Вт,120мм,24+4+4 pin,6+2 pin,4720,https://www.citilink.ru/product/blok-pitaniya-deepcool-atx-500w-da500-80-bronze-20-4pin-apfc-120mm-fan-1781852/
64,DeepCool DQ850-M-V2L,"ATX, 12V v2.4",850 Вт,120мм,20+4 pin,4х(6+2) pin,10790,https://www.citilink.ru/product/blok-pitaniya-deepcool-atx-850w-dq850-m-v2l-80-gold-20-4pin-apfc-120mm-1781719/
65,Thermaltake Smart RGB 500,"ATX, 12V v2.3",500 Вт,120мм,24+4+4 pin,2х(6+2) pin,5090,https://www.citilink.ru/product/blok-pitaniya-thermaltake-smart-rgb-500-500vt-120mm-chernyi-retail-ps-480509/
66,GIGABYTE AORUS GP-AP750GM,"ATX, 12V v2.31",750 Вт,135мм,24+2x(4+4) pin,4х(6+2) pin,11310,https://www.citilink.ru/product/blok-pitaniya-gigabyte-atx-750w-aorus-gp-ap750gm-80-gold-24-4-4pin-apf-1422467/
67,Thermaltake Smart RGB 600,"ATX, 12V v2.3",600 Вт,120мм,24+4+4 pin,2х(6+2) pin,6530,https://www.citilink.ru/product/blok-pitaniya-thermaltake-smart-rgb-600-600vt-120mm-chernyi-retail-ps-482447/
68,GIGABYTE GP-P450B,"ATX, 12V v2.31",450 Вт,120мм,24+4+4 pin,2х(6+2) pin,4740,https://www.citilink.ru/product/blok-pitaniya-gigabyte-atx-450w-gp-p450b-80-bronze-24-4-4pin-apfc-120m-1422333/
69,Fractal Design ION 850,"ATX, 12V v2.52",850 Вт,140мм,24+2x(4+4) pin,6х(6+2) pin,13200,https://www.citilink.ru/product/blok-pitaniya-fractal-design-atx-850w-ion-850-80-gold-24-4-4pin-apfc-1-1806958/
70,Accord ACC-TFX350,TFX,350 Вт,80мм,24+4 pin,?,2370,https://www.citilink.ru/product/blok-pitaniya-accord-tfx-350w-acc-tfx350-24-4pin-80mm-fan-3xsata-1805353/
71,LinkWorld LW2-350W (LPE) case,ATX,350 Вт,80мм,24+4 pin,отсутствует,1220,https://www.citilink.ru/product/blok-pitaniya-linkworld-lw2-350w-lpe-case-350vt-80mm-retail-lw2-350wlp-80255/
72,Aerocool CYLON 400,"ATX, 12V v2.4",400 Вт,120мм,24+4+4 pin,6+2 pin,4060,https://www.citilink.ru/product/blok-pitaniya-aerocool-cylon-400-400vt-120mm-chernyi-retail-1111162/
73,DeepCool PF350,ATX,350 Вт,120мм,24+4+4 pin,2х(6+2) pin,2870,https://www.citilink.ru/product/blok-pitaniya-deepcool-atx-350w-pf350-80-plus-white-20-4pin-apfc-120mm-1781952/
74,DeepCool DE600 V2,ATX,450 Вт,120мм,24+4+4 pin,6+2 pin,2990,https://www.citilink.ru/product/blok-pitaniya-deepcool-atx-450w-de600-v2-80-plus-white-20-4pin-apfc-12-1781953/
75,DeepCool PK600D,ATX,600 Вт,120мм,20+4 pin,2х(6+2) pin,4790,https://www.citilink.ru/product/blok-pitaniya-deepcool-atx-600w-pk600d-80-bronze-20-4pin-apfc-120mm-fa-1781823/
76,CHIEFTEC VALUE APB-500B8,"ATX, 12V v2.3",500 Вт,120мм,24+4 pin,6+2 pin,2990,https://www.citilink.ru/product/blok-pitaniya-chieftech-atx-500w-i-arena-apb-500b8-20-4pin-apfc-120mm-1123737/
77,Cooler Master MWE Bronze V2,"ATX, 12V v2.52",750 Вт,120мм,24+4+4 pin,4х(6+2) pin,8160,https://www.citilink.ru/product/blok-pitaniya-cooler-master-mwe-bronze-750w-v2-750vt-120mm-chernyi-ret-1446125/
78,Aerocool AERO WHITE,"ATX, 12V v2.4",550 Вт,120мм,24+4+4 pin,2х(6+2) pin,4110,https://www.citilink.ru/product/blok-pitaniya-aerocool-aero-white-550vt-120mm-chernyi-retail-aero-whit-1207088/
79,Cooler Master MWE White 650W V2,"ATX, 12V v2.52",650 Вт,120мм,24+4+4 pin,4х(6+2) pin,6740,https://www.citilink.ru/product/blok-pitaniya-cooler-master-mwe-white-650w-v2-650vt-120mm-retail-mpe-6-1446109/
80,Zalman ZM600-TXII V2,"ATX, 12V v2.3",600 Вт,120мм,20+4 pin,2х(6+2) pin,4670,https://www.citilink.ru/product/blok-pitaniya-zalman-atx-600w-zm600-txii-v2-80-20-4pin-apfc-120mm-fan-1775094/
81,DeepCool PK550D,ATX,550 Вт,120мм,20+4 pin,2х(6+2) pin,4520,https://www.citilink.ru/product/blok-pitaniya-deepcool-atx-550w-pk550d-80-bronze-20-4pin-apfc-120mm-fa-1781825/
82,GIGABYTE GP-UD1000GM PG5 Gen.5,"ATX, 12V v3.0",1000 Вт,120мм,24+4+4 pin,4х(6+2) + 16 pin,20280,https://www.citilink.ru/product/blok-pitaniya-gigabyte-atx-1000w-gp-ud1000gm-pg5-80-gold-24-4-4pin-apf-1777109/
83,DeepCool DQ750-M-V2L WH,"ATX, 12V v2.4",750 Вт,120мм,24+4+4 pin,5х(6+2) pin,9690,https://www.citilink.ru/product/blok-pitaniya-deepcool-atx-750w-dq750-m-v2l-wh-80-gold-20-4pin-apfc-12-1781760/
84,Zalman ZM1000-EBTII,"ATX, 12V v2.31",1000 Вт,135мм,24+6+2x(4+4) pin,6х(6+2) pin,18370,https://www.citilink.ru/product/blok-pitaniya-zalman-atx-1000w-zm1000-ebtii-80-gold-20-4pin-apfc-135mm-1774483/
85,DeepCool PK700D,ATX,700 Вт,120мм,24+2x(4+4) pin,4х(6+2) pin,5760,https://www.citilink.ru/product/blok-pitaniya-deepcool-atx-700w-pk700d-80-bronze-20-4pin-apfc-120mm-fa-1781818/
86,DeepCool PQ650M,ATX,650 Вт,120мм,24+2x(4+4) pin,3х(6+2) pin,13150,https://www.citilink.ru/product/blok-pitaniya-deepcool-atx-650w-pq650m-80-gold-20-4pin-apfc-140mm-fan-1781702/
87,Accord ACC-500W-12,ATX,500 Вт,120мм,24+4+4 pin,6+2 pin,3030,https://www.citilink.ru/product/blok-pitaniya-accord-acc-500w-12-500vt-120mm-acc-500-12-877954/
88,Cooler Master MWE White V2,"ATX, 12V v2.52",500 Вт,120мм,24+4+4 pin,2х(6+2) pin,6180,https://www.citilink.ru/product/blok-pitaniya-cooler-master-mwe-white-500w-v2-500vt-120mm-retail-mpe-5-1446111/
89,DeepCool PK650D,ATX,650 Вт,120мм,24+2x(4+4) pin,4х(6+2) pin,4890,https://www.citilink.ru/product/blok-pitaniya-deepcool-atx-650w-pk650d-80-bronze-20-4pin-apfc-120mm-fa-1781821/
90,DeepCool PM750D,ATX,750 Вт,120мм,20+4 pin,3х(6+2) pin,7710,https://www.citilink.ru/product/blok-pitaniya-deepcool-atx-750w-pm750d-80-gold-20-4pin-apfc-120mm-fan-1781793/
91,Aerocool AERO BRONZE,ATX,550 Вт,120мм,24+4+4 pin,2х(6+2) pin,4870,https://www.citilink.ru/product/blok-pitaniya-aerocool-aero-bronze-550vt-120mm-chernyi-retail-aero-bro-1207083/
92,DeepCool PK750D,ATX,750 Вт,120мм,24+2x(4+4) pin,4х(6+2) pin,5850,https://www.citilink.ru/product/blok-pitaniya-deepcool-atx-750w-pk750d-80-bronze-20-4pin-apfc-120mm-fa-1781815/
93,Zalman ZM600-XEII,"ATX, 12V v2.3",600 Вт,120мм,20+4 pin,2х(6+2) pin,4250,https://www.citilink.ru/product/blok-pitaniya-zalman-atx-600w-zm600-xeii-20-4pin-apfc-120mm-fan-4xsata-1775087/
94,Fractal Design ION 750,"ATX, 12V v2.52",750 Вт,140мм,24+4+4 pin,2х(6+2) pin,10690,https://www.citilink.ru/product/blok-pitaniya-fractal-design-atx-750w-ion-750-80-gold-24-4-4pin-apfc-1-1806881/
95,Cooler Master MWE Bronze 650W V2,"ATX, 12V v2.52",650 Вт,120мм,24+4+4 pin,4х(6+2) pin,9010,https://www.citilink.ru/product/blok-pitaniya-cooler-master-mwe-bronze-650w-v2-650vt-120mm-chernyi-ret-1446161/
96,CHIEFTEC CORE BBS-700S-Bulk,"ATX, 12V v2.3",700 Вт,120мм,24+4+4 pin,4х(6+2) pin,6290,https://www.citilink.ru/product/blok-pitaniya-chieftech-atx-700w-core-bbs-700s-bulk-80-gold-24-4-4pin-1737358/
97,HIPER HPM-450,"ATX, 12V v2.31",450 Вт,120мм,24+4+4 pin,6+2 pin,2030,https://www.citilink.ru/product/blok-pitaniya-hiper-atx-450w-hpm-450-24-4-4pin-ppfc-120mm-fan-3xsata-1807077/
98,Hipro (HIPO DIGI) HPE400W,"ATX, 12V v2.2",400 Вт,120мм,24+4+4 pin,6 pin,3250,https://www.citilink.ru/product/blok-pitaniya-hipro-hipo-digi-hpe400w-400vt-120mm-45715/
99,Zalman ZM550-GVII,"ATX, 12V v2.31",550 Вт,120мм,20+4 pin,6+2 pin,5450,https://www.citilink.ru/product/blok-pitaniya-zalman-atx-650w-zm550-gvii-80-bronze-20-4pin-apfc-120mm-1775084/
100,DeepCool PM850D,ATX,850 Вт,120мм,24+2x(4+4) pin,3х(6+2) pin,8290,https://www.citilink.ru/product/blok-pitaniya-deepcool-atx-850w-pm850d-80-gold-20-4pin-apfc-120mm-fan-1781780/
101,LinkWorld LW-650B,"ATX, 12V v2.52",650 Вт,120мм,24+4+4 pin,2х(6+2) pin,4830,https://www.citilink.ru/product/blok-pitaniya-linkworld-atx-650w-lw-650b-80-24-8-4-4pin-apfc-120mm-fan-1484264/
102,Thermaltake Smart BX1 RGB,"ATX, 12V v2.4",750 Вт,120мм,24+4+4 pin,4х(6+2) pin,7740,https://www.citilink.ru/product/blok-pitaniya-thermaltake-smart-bx1-rgb-750vt-120mm-chernyi-retail-ps-1119144/
103,DeepCool PK500D,ATX,500 Вт,120мм,24+2x(4+4) pin,2х(6+2) pin,4320,https://www.citilink.ru/product/blok-pitaniya-deepcool-atx-500w-pk500d-80-bronze-20-4pin-apfc-120mm-fa-1781829/
104,DeepCool PK800D,ATX,800 Вт,120мм,24+2x(4+4) pin,4х(6+2) pin,5890,https://www.citilink.ru/product/blok-pitaniya-deepcool-atx-800w-pk800d-80-bronze-20-4pin-apfc-120mm-fa-1781809/
105,Cooler Master MWE White 600W V2,"ATX, 12V v2.52",600 Вт,120мм,24+4+4 pin,4х(6+2) pin,6650,https://www.citilink.ru/product/blok-pitaniya-cooler-master-mwe-white-600w-v2-600vt-120mm-retail-mpe-6-1446133/
106,GIGABYTE GP-UD1000GM,"ATX, 12V v2.31",1000 Вт,120мм,24+4+4 pin,6х(6+2) pin,16410,https://www.citilink.ru/product/blok-pitaniya-gigabyte-atx-1000w-gp-ud1000gm-80-gold-24-4-4pin-apfc-12-1777103/
107,CHIEFTEC CORE BBS-700S,"ATX, 12V v2.3",700 Вт,120мм,24+4+4 pin,4х(6+2) pin,6490,https://www.citilink.ru/product/blok-pitaniya-chieftech-atx-700w-core-bbs-700s-80-gold-24-4-4pin-apfc-1683866/
108,Zalman ZM500-TXII V2,"ATX, 12V v2.3",500 Вт,120мм,20+4 pin,2х(6+2) pin,5550,https://www.citilink.ru/product/blok-pitaniya-zalman-atx-500w-zm500-txii-v2-80-20-4pin-apfc-120mm-fan-1775097/
109,Accord ACC-P300W,ATX,300 Вт,80мм,24+4 pin,?,1090,https://www.citilink.ru/product/blok-pitaniya-accord-acc-p300w-300vt-80mm-877945/
110,Cooler Master MWE Bronze V2,"ATX, 12V v2.52",700 Вт,120мм,24+4+4 pin,4х(6+2) pin,8690,https://www.citilink.ru/product/blok-pitaniya-cooler-master-mwe-bronze-700w-v2-700vt-120mm-retail-mpe-1446119/
111,GIGABYTE GP-P550B,"ATX, 12V v2.31",550 Вт,120мм,24+4+4 pin,2х(6+2) pin,5010,https://www.citilink.ru/product/blok-pitaniya-gigabyte-atx-550w-gp-p550b-80-bronze-24-4-4pin-apfc-120m-1422395/
112,Fractal Design ION+2 860,"ATX, 12V v2.52",850 Вт,140мм,24+2x(4+4) pin,6х(6+2) pin,17680,https://www.citilink.ru/product/blok-pitaniya-fractal-design-atx-850w-ion-2-860-80-platinum-24-4-4pin-1806996/
113,Zalman ZM500-LXII,"ATX, 12V v2.3",500 Вт,120мм,24+4+4 pin,2х(6+2) pin,4270,https://www.citilink.ru/product/blok-pitaniya-zalman-atx-500w-zm500-lxii-24-4-4pin-apfc-120mm-fan-6xsa-1775088/
114,Thermaltake Toughpower GF1 ARGB,ATX,850 Вт,140мм,24+4+4 pin,6х(6+2) pin,14000,https://www.citilink.ru/product/blok-pitaniya-thermaltake-toughpower-gf1-argb-850vt-140mm-chernyi-reta-1162059/
115,Cooler Master V Gold V2,"ATX, 12V v2.52",850 Вт,135мм,24+8+4+4 pin,6х(6+2) pin,15700,https://www.citilink.ru/product/blok-pitaniya-cooler-master-v-gold-v2-850vt-120mm-retail-mpy-850v-afba-1468768/
116,Aerocool AERO WHITE,"ATX, 12V v2.4",500 Вт,120мм,24+4+4 pin,2х(6+2) pin,4820,https://www.citilink.ru/product/blok-pitaniya-aerocool-aero-white-500vt-120mm-chernyi-retail-aero-whit-1207077/
117,GIGABYTE GP-AP1200PM,"ATX, 12V v2.31",1200 Вт,140мм,24+2x(4+4) pin,10х(6+2) pin,33250,https://www.citilink.ru/product/blok-pitaniya-gigabyte-atx-1200w-gp-ap1200pm-80-platinum-24-4-4pin-apf-1624953/
118,DeepCool DE500 V2,ATX,350 Вт,120мм,24+4+4 pin,6+2 pin,2590,https://www.citilink.ru/product/blok-pitaniya-deepcool-atx-350w-de500-v2-20-4pin-apfc-120mm-fan-6xsata-1781956/
119,Thermaltake Litepower RGB 650,"ATX, 12V v2.3",650 Вт,120мм,24+4+4 pin,2х(6+2) pin,6130,https://www.citilink.ru/product/blok-pitaniya-thermaltake-litepower-rgb-650-650vt-120mm-chernyi-retail-1156191/
120,Zalman ZM1200-EBTII,"ATX, 12V v2.31",1200 Вт,135мм,20+4 pin,8х(6+2) pin,16650,https://www.citilink.ru/product/blok-pitaniya-zalman-atx-1200w-zm1200-ebtii-80-gold-20-4pin-apfc-135mm-1774654/
121,Cooler Master MWE Gold V2 Full Modular 750W,"ATX, 12V v2.52",750 Вт,120мм,24+8+4+4 pin,4х(6+2) pin,12390,https://www.citilink.ru/product/blok-pitaniya-cooler-master-mwe-gold-v2-full-modular-750w-750vt-120mm-1466352/
122,Cooler Master V Gold V2 White Case,"ATX, 12V v2.52",850 Вт,135мм,24+8+4+4 pin,6х(6+2) pin,14290,https://www.citilink.ru/product/blok-pitaniya-cooler-master-v-gold-v2-white-case-850vt-120mm-retail-mp-1468770/
123,HIPER HPB-750FMK2,"ATX, 12V v2.31",750 Вт,120мм,24+4+4 pin,6х(6+2) pin,8400,https://www.citilink.ru/product/blok-pitaniya-hiper-atx-750w-hpb-750fmk2-80-gold-24-4-4pin-apfc-120mm-1808449/
124,Accord ACC-600W-12,ATX,600 Вт,120мм,24+4+4 pin,6+2 pin,3380,https://www.citilink.ru/product/blok-pitaniya-accord-acc-600w-12-600vt-120mm-acc-600-12-877956/
125,Cooler Master Elite V4,"ATX, 12V v2.41",600 Вт,120мм,24+4+4 pin,2х(6+2) pin,5290,https://www.citilink.ru/product/blok-pitaniya-cooler-master-elite-v4-600w-600vt-120mm-retail-mpe-6001-1446131/
126,CHIEFTEC CORE BBS-600S,"ATX, 12V v2.3",600 Вт,120мм,24+4+4 pin,2х(6+2) pin,6190,https://www.citilink.ru/product/blok-pitaniya-chieftech-atx-600w-core-bbs-600s-80-gold-24-4-4pin-apfc-1683869/
127,Thermaltake SMART BM2,"ATX, 12V v2.4",650 Вт,140мм,24+4+4 pin,4х(6+2) pin,6690,https://www.citilink.ru/product/blok-pitaniya-thermaltake-atx-650w-smart-bm2-80-bronze-24-4-4pin-apfc-1684337/
128,CHIEFTEC Polaris PPS-650FC,"ATX, 12V v2.4",650 Вт,120мм,24+2x(4+4) pin,4х(6+2) pin,8790,https://www.citilink.ru/product/blok-pitaniya-chieftech-atx-650w-polaris-pps-650fc-80-gold-24-2x-4-4-p-1683883/
129,Cooler Master MWE Bronze V2 550W,"ATX, 12V v2.52",550 Вт,120мм,24+4+4 pin,2х(6+2) pin,8030,https://www.citilink.ru/product/blok-pitaniya-cooler-master-mwe-bronze-v2-550w-550vt-120mm-retail-mpe-1446106/
130,Cooler Master MWE White V2,"ATX, 12V v2.52",450 Вт,120мм,24+4+4 pin,2х(6+2) pin,6120,https://www.citilink.ru/product/blok-pitaniya-cooler-master-mwe-white-v2-450vt-120mm-retail-mpe-4501-a-1468739/
131,Formula Formula-AP450-80,ATX,450 Вт,120мм,24+4+4 pin,2х(6+2) pin,3810,https://www.citilink.ru/product/blok-pitaniya-formula-formula-ap450-80-450vt-120mm-chernyi-retail-1179243/
132,Thermaltake SMART PRO RGB,"ATX, 12V v2.4",750 Вт,140мм,24+4+4 pin,4х(6+2) pin,12940,https://www.citilink.ru/product/blok-pitaniya-thermaltake-smart-pro-rgb-750vt-140mm-chernyi-retail-ps-1029550/
133,CHIEFTEC CORE BBS-600S-Bulk,"ATX, 12V v2.3",600 Вт,120мм,24+4+4 pin,2х(6+2) pin,7100,https://www.citilink.ru/product/blok-pitaniya-chieftech-atx-600w-core-bbs-600s-bulk-80-gold-24-4-4pin-1737347/
134,QDION Q-DION QD500,"ATX, 12V v2.3",500 Вт,120мм,24+4+4 pin,6+2 pin,2710,https://www.citilink.ru/product/blok-pitaniya-fsp-q-dion-qd500-500vt-120mm-qd-500-405112/
135,CHIEFTEC A-90 GDP-750C,"ATX, 12V v2.3",750 Вт,140мм,24+4+4 pin,4х(6+2) pin,6910,https://www.citilink.ru/product/blok-pitaniya-chieftech-atx-750w-a-90-gdp-750c-24-4-4pin-apfc-140mm-fa-1683867/
136,Formula MONZA VL-850APB-85,"ATX, 12V v2.31",850 Вт,120мм,24+2x(4+4) pin,4х(6+2) pin,8680,https://www.citilink.ru/product/blok-pitaniya-formula-monza-vl-850apb-85-850vt-120mm-retail-1431323/
137,Cooler Master MWE Bronze V2,"ATX, 12V v2.52",600 Вт,120мм,24+4+4 pin,2х(6+2) pin,7190,https://www.citilink.ru/product/blok-pitaniya-cooler-master-mwe-bronze-600w-v2-600vt-120mm-retail-mpe-1446117/
138,QDION Q-DION QD550,ATX,550 Вт,120мм,24+4+4 pin,6+2 pin,3730,https://www.citilink.ru/product/blok-pitaniya-fsp-q-dion-qd550-550vt-120mm-qd-550-80-480432/
139,LinkWorld LW-550B,"ATX, 12V v2.52",550 Вт,120мм,24+4+4 pin,2х(6+2) pin,4480,https://www.citilink.ru/product/blok-pitaniya-linkworld-atx-550w-lw-550b-80-24-8-4-4pin-apfc-120mm-fan-1472256/
140,HIPER HPB-800FMK2,"ATX, 12V v2.31",800 Вт,120мм,24+4+4 pin,6х(6+2) pin,9440,https://www.citilink.ru/product/blok-pitaniya-hiper-atx-800w-hpb-800fmk2-80-gold-24-4-4pin-apfc-120mm-1808450/
141,Accord ACC-450W-80BR,"ATX, 12V v2.2",450 Вт,120мм,24+4+4 pin,6+2 pin,3280,https://www.citilink.ru/product/blok-pitaniya-accord-acc-450w-80br-450vt-120mm-chernyi-retail-405085/
142,Thermaltake Litepower RGB 550,"ATX, 12V v2.3",550 Вт,120мм,24+4+4 pin,2х(6+2) pin,5290,https://www.citilink.ru/product/blok-pitaniya-thermaltake-litepower-rgb-550-550vt-120mm-chernyi-retail-1141152/
143,QDION Q-DION QD350,ATX,350 Вт,120мм,24+4+4 pin,отсутствует,2530,https://www.citilink.ru/product/blok-pitaniya-fsp-q-dion-qd350-350vt-120mm-qd-350-405103/
144,QDION Q-DION QD400,"ATX, 12V v2.3",400 Вт,120мм,24+4+4 pin,6 pin,2850,https://www.citilink.ru/product/blok-pitaniya-fsp-q-dion-qd400-400vt-120mm-qd-400-405108/
145,CHIEFTEC iArena GPC-500S,"ATX, 12V v2.4",500 Вт,120мм,24+4+4 pin,6+2 pin,4580,https://www.citilink.ru/product/blok-pitaniya-chieftech-atx-500w-iarena-gpc-500s-24-4-4pin-apfc-120mm-1737338/
146,HIPER HPC-650,"ATX, 12V v2.31",650 Вт,120мм,24+4+4 pin,2х(6+2) pin,4240,https://www.citilink.ru/product/blok-pitaniya-hiper-atx-650w-hpc-650-80-24-4-4pin-apfc-120mm-fan-4xsat-1808437/
147,Zalman ZM400-XEII,"ATX, 12V v2.3",400 Вт,120мм,20+4 pin,2х(6+2) pin,4070,https://www.citilink.ru/product/blok-pitaniya-zalman-atx-400w-zm400-xeii-20-4pin-apfc-120mm-fan-4xsata-1775085/
148,CHIEFTEC Silicon SLC-750C,"ATX, 12V v2.3",750 Вт,140мм,24+4+4 pin,4х(6+2) pin,9600,https://www.citilink.ru/product/blok-pitaniya-chieftech-atx-750w-silicon-slc-750c-80-bronze-24-4-4pin-1737335/
149,Thermaltake Toughpower Grand RGB Sync,"ATX, 12V v2.4",850 Вт,140мм,24+2x(4+4) pin,6х(6+2) pin,15900,https://www.citilink.ru/product/blok-pitaniya-thermaltake-toughpower-grand-rgb-sync-850vt-140mm-cherny-1186869/
150,Thermaltake Toughpower iRGB Plus,"ATX, 12V v2.4",1200 Вт,140мм,24+4+4 pin,8х(6+2) pin,27440,https://www.citilink.ru/product/blok-pitaniya-thermaltake-toughpower-irgb-plus-1200vt-140mm-chernyi-re-492775/
151,Formula Formula-AP500-80,"ATX, 12V v2.31",500 Вт,120мм,24+4+4 pin,2х(6+2) pin,4210,https://www.citilink.ru/product/blok-pitaniya-formula-formula-ap500-80-500vt-120mm-chernyi-retail-1179247/
152,CHIEFTEC Compact CSN-650C,"SFX, 12V v2.3",650 Вт,80мм,24+4+4 pin,2х(6+2) pin,6950,https://www.citilink.ru/product/blok-pitaniya-chieftech-atx-650w-compact-csn-650c-80-gold-24-4-4pin-ap-1737339/
153,CHIEFTEC Task TPS-700S,"ATX, 12V v2.3",700 Вт,120мм,24+4+4 pin,2х(6+2) pin,6520,https://www.citilink.ru/product/blok-pitaniya-chieftech-atx-700w-task-tps-700s-80-bronze-24-4-4pin-apf-1738005/
154,Zalman ZM1000-ARX,"ATX, 12V v2.3",1000 Вт,135мм,24+4+4 pin,6х(6+2) pin,17640,https://www.citilink.ru/product/blok-pitaniya-zalman-atx-1000w-zm1000-arx-80-platinum-20-4pin-apfc-135-1774411/
155,CHIEFTEC iArena GPA-650S,"ATX, 12V v2.3",650 Вт,120мм,24+4+4 pin,2х(6+2) pin,3990,https://www.citilink.ru/product/blok-pitaniya-chieftech-atx-650w-iarena-gpa-650s-24-4-4pin-apfc-120mm-1737318/
156,Zalman ZM800-EBTII,"ATX, 12V v2.31",800 Вт,135мм,20+4 pin,5х(6+2) pin,15580,https://www.citilink.ru/product/blok-pitaniya-zalman-atx-800w-zm800-ebtii-80-gold-20-4pin-apfc-135mm-f-1774657/
157,CHIEFTEC Task TPS-600S,"ATX, 12V v2.3",600 Вт,120мм,24+4+4 pin,2х(6+2) pin,6080,https://www.citilink.ru/product/blok-pitaniya-chieftech-atx-600w-task-tps-600s-80-bronze-24-4-4pin-apf-1738004/
158,Hipro (HIPO DIGI) HPE350W,"ATX, 12V v2.2",350 Вт,120мм,24+4 pin,6 pin,2920,https://www.citilink.ru/product/blok-pitaniya-hipro-hipo-digi-hpe350w-350vt-120mm-45714/
159,Thermaltake Toughpower Grand RGB,"ATX, 12V v2.4",750 Вт,140мм,24+4+4 pin,4х(6+2) pin,13020,https://www.citilink.ru/product/blok-pitaniya-thermaltake-toughpower-grand-rgb-750vt-140mm-chernyi-ret-1029555/
160,Accord ACC-500W-80BR,"ATX, 12V v2.31",500 Вт,120мм,24+4+4 pin,6+2 pin,4760,https://www.citilink.ru/product/blok-pitaniya-accord-acc-500w-80br-500vt-120mm-chernyi-retail-405088/
161,HIPER HPB-650FMK2,"ATX, 12V v2.31",650 Вт,120мм,24+4+4 pin,4х(6+2) pin,8050,https://www.citilink.ru/product/blok-pitaniya-hiper-atx-650w-hpb-650fmk2-80-gold-24-4-4pin-apfc-120mm-1808446/
162,QDION Q-DION QD500-PNR 80+,"ATX, 12V v2.31",500 Вт,120мм,24+4+4 pin,2х(6+2) pin,3820,https://www.citilink.ru/product/blok-pitaniya-fsp-q-dion-qd500-pnr-80-500vt-120mm-qd-500-pnr-80-1131924/
163,CHIEFTEC SMART GPS-650A8,"ATX, 12V v2.3",650 Вт,120мм,24+4+4 pin,2х(6+2) pin,5370,https://www.citilink.ru/product/blok-pitaniya-chieftech-atx-650w-smart-gps-650a8-24-4-4pin-apfc-120mm-1737342/
164,Hipro (HIPO DIGI) HPE450W,"ATX, 12V v2.2",450 Вт,120мм,24+4+4 pin,6 pin + (6+2) pin,3750,https://www.citilink.ru/product/blok-pitaniya-hipro-hipo-digi-hpe450w-450vt-120mm-576553/
165,Cooler Master MWE 500 Bronze V2,"ATX, 12V v2.52",500 Вт,120мм,24+4+4 pin,2х(6+2) pin,7460,https://www.citilink.ru/product/blok-pitaniya-cooler-master-atx-500w-mwe-bronze-v2-500w-80-bronze-24-4-1484167/
166,Zalman ZM1200-TMX,"ATX, 12V v2.3",1200 Вт,120мм,24+4+4 pin,6х(6+2) pin,19160,https://www.citilink.ru/product/blok-pitaniya-zalman-atx-1200w-zm1200-arx-80-gold-20-4pin-apfc-120mm-f-1831287/
167,Cooler Master Elite V4,"ATX, 12V v2.41",500 Вт,120мм,24+4+4 pin,2х(6+2) pin,4590,https://www.citilink.ru/product/blok-pitaniya-cooler-master-elite-v4-500w-500vt-120mm-retail-mpe-5001-1446101/
168,Thermaltake Smart BX1,"ATX, 12V v2.3",750 Вт,120мм,24+4+4 pin,4х(6+2) pin,6750,https://www.citilink.ru/product/blok-pitaniya-thermaltake-smart-bx1-750vt-120mm-chernyi-retail-ps-spd-1088662/
169,Formula MONZA VL-750APB-85,ATX,750 Вт,120мм,24+4+4 pin,2х(6+2) pin,7330,https://www.citilink.ru/product/blok-pitaniya-formula-atx-750w-monza-vl-750apb-85-80-bronze-24-4pin-ap-1179264/
170,GMNG PSU-750W-80BR,"ATX, 12V v2.3",750 Вт,120мм,24+4+4 pin,3х(6+2) pin,4990,https://www.citilink.ru/product/blok-pitaniya-oklik-atx-750w-psu-750w-80br-24-4-4pin-120mm-fan-3xsata-1806874/
171,Cooler Master MWE Gold V2,"ATX, 12V v2.52",1050 Вт,140мм,24+8+4+4 pin,6х(6+2) pin,21620,https://www.citilink.ru/product/blok-pitaniya-cooler-master-atx-1050w-mwe-gold-v2-80-gold-24-8-4-4pin-1847044/
172,CHIEFTEC iArena GPA-600S,"ATX, 12V v2.3",600 Вт,120мм,24+4+4 pin,2х(6+2) pin,4740,https://www.citilink.ru/product/blok-pitaniya-chieftech-atx-600w-iarena-gpa-600s-24-4-4pin-apfc-120mm-1737333/
173,Thermaltake Smart BX1 RGB,"ATX, 12V v2.4",550 Вт,120мм,24+4+4 pin,2х(6+2) pin,5800,https://www.citilink.ru/product/blok-pitaniya-thermaltake-smart-bx1-rgb-550vt-120mm-chernyi-retail-ps-1088660/
174,CHIEFTEC PowerUp GPX-750FC,"ATX, 12V v2.53",750 Вт,120мм,24+2x(4+4) pin,4х(6+2) pin,8090,https://www.citilink.ru/product/blok-pitaniya-chieftech-atx-750w-powerup-gpx-750fc-80-gold-24-2x-4-4-p-1683881/
175,CHIEFTEC SMART GPS-600A8,"ATX, 12V v2.3",600 Вт,120мм,24+4+4 pin,2х(6+2) pin,5210,https://www.citilink.ru/product/blok-pitaniya-chieftec-atx-600w-gps-600a8-active-pfc-v2-3-120mm-fan-rt-738468/
176,Thermaltake Toughpower GF1 ARGB,"ATX, 12V v2.4",650 Вт,140мм,24+4+4 pin,4х(6+2) pin,11440,https://www.citilink.ru/product/blok-pitaniya-thermaltake-toughpower-gf1-argb-650vt-140mm-chernyi-reta-1162055/
177,CHIEFTEC Silicon SLC-650C,"ATX, 12V v2.3",650 Вт,140мм,24+4+4 pin,4х(6+2) pin,6990,https://www.citilink.ru/product/blok-pitaniya-chieftech-atx-650w-silicon-slc-650c-80-bronze-24-4-4pin-1737353/
178,CHIEFTEC Photon CTG-650C-RGB,"ATX, 12V v2.3",650 Вт,120мм,24+4+4 pin,4х(6+2) pin,6590,https://www.citilink.ru/product/blok-pitaniya-chieftech-atx-650w-photon-ctg-650c-rgb-24-4-4pin-apfc-12-1737344/
179,Cooler Master Elite V4,"ATX, 12V v2.41",400 Вт,120мм,24+4+4 pin,6+2 pin,4860,https://www.citilink.ru/product/blok-pitaniya-cooler-master-elite-v4-400w-400vt-120mm-retail-mpe-4001-1446315/
180,CHIEFTEC PowerUp GPX-850FC,"ATX, 12V v2.53",850 Вт,120мм,24+2x(4+4) pin,6х(6+2) pin,10760,https://www.citilink.ru/product/blok-pitaniya-chieftech-atx-850w-powerup-gpx-850fc-80-gold-24-2x-4-4-p-1737365/
181,HIPER HPB-700FMK2,"ATX, 12V v2.31",700 Вт,120мм,24+4+4 pin,4х(6+2) pin,8330,https://www.citilink.ru/product/blok-pitaniya-hiper-atx-700w-hpb-700fmk2-80-gold-24-4-4pin-apfc-120mm-1808447/
182,Thermaltake Toughpower Grand RGB Sync,"ATX, 12V v2.4",750 Вт,140мм,24+4+4 pin,4х(6+2) pin,14640,https://www.citilink.ru/product/blok-pitaniya-thermaltake-atx-750w-toughpower-grand-rgb-sync-80-gold-2-1485740/
183,Zalman ZM850-ARX,"ATX, 12V v2.3",850 Вт,135мм,20+4 pin,6х(6+2) pin,15330,https://www.citilink.ru/product/blok-pitaniya-zalman-atx-850w-zm850-arx-80-platinum-20-4pin-apfc-135mm-1774665/
184,Thermaltake Toughpower PF1 ARGB,"ATX, 12V v2.31",850 Вт,140мм,24+2x(4+4) pin,6х(6+2) pin,19760,https://www.citilink.ru/product/blok-pitaniya-thermaltake-atx-850w-toughpower-pf1-argb-80-platinum-24-1512151/
185,Thermaltake Toughpower iRGB Plus,"ATX, 12V v2.4",850 Вт,140мм,24+4+4 pin,6х(6+2) pin,16160,https://www.citilink.ru/product/blok-pitaniya-thermaltake-toughpower-irgb-plus-850vt-140mm-chernyi-ret-1136887/
186,Thermaltake Toughpower PF1 ARGB,"ATX, 12V v2.31",1200 Вт,140мм,24+2x(4+4) pin,8х(6+2) pin,28670,https://www.citilink.ru/product/blok-pitaniya-thermaltake-toughpower-pf1-argb-1200vt-140mm-retail-ps-t-1465681/
187,Thermaltake Litepower RGB 450,"ATX, 12V v2.3",450 Вт,120мм,24+4+4 pin,2х(6+2) pin,5120,https://www.citilink.ru/product/blok-pitaniya-thermaltake-litepower-rgb-450-450vt-120mm-chernyi-retail-1141150/
188,Fractal Design ION+2 760,"ATX, 12V v2.52",750 Вт,140мм,24+4+4 pin,6х(6+2) pin,14280,https://www.citilink.ru/product/blok-pitaniya-fractal-design-atx-750w-ion-2-760-80-platinum-24-4-4pin-1806993/
189,Cooler Master Gold,"ATX, 12V v2.52",850 Вт,120мм,24+8+4+4 pin,4х(6+2) pin,11890,https://www.citilink.ru/product/blok-pitaniya-cooler-master-atx-850w-gold-80-gold-24-8-4-4pin-apfc-120-1554775/
190,QDION Q-DION QD650-PNR 80+,"ATX, 12V v2.31",650 Вт,120мм,24+4+4 pin,2х(6+2) pin,5200,https://www.citilink.ru/product/blok-pitaniya-fsp-q-dion-qd650-pnr-80-650vt-120mm-qd-650-pnr-80-1131926/
191,Hipro HPC500W-Active,"ATX, 12V v2.31",500 Вт,120мм,24+4+4 pin,2х(6+2) pin,5940,https://www.citilink.ru/product/blok-pitaniya-hipro-hpc500w-active-500vt-120mm-chernyi-retail-576554/
192,GIGABYTE GP-UD850GM PG5 Gen.5,"ATX, 12V",850 Вт,120мм,24+2x(4+4) pin,4х(6+2) + 12+4 pin,14140,https://www.citilink.ru/product/blok-pitaniya-gigabyte-atx-850w-gp-ud850gm-gp5-80-gold-24-2x-4-4-pin-a-1891042/
193,CHIEFTEC SMART GPS-700A8,"ATX, 12V v2.3",700 Вт,120мм,24+4+4 pin,2х(6+2) pin,4540,https://www.citilink.ru/product/blok-pitaniya-chieftech-atx-700w-smart-gps-700a8-24-4-4pin-apfc-120mm-1737354/
194,QDION Q-DION QD400-PNR,"ATX, 12V v2.3",400 Вт,120мм,24+4+4 pin,6 pin,2890,https://www.citilink.ru/product/blok-pitaniya-fsp-q-dion-qd400-pnr-400vt-120mm-qd-400-pnr-1131922/
195,LinkWorld LW2-430W,"ATX, 12V v1.3",430 Вт,120мм,24+4 pin,отсутствует,1790,https://www.citilink.ru/product/blok-pitaniya-linkworld-lw2-430w-430vt-120mm-retail-36415/
196,CHIEFTEC Chieftronic PowerPlay GPU-850FC,"ATX, 12V v2.3",850 Вт,140мм,24+4+4 pin,2х(6+2) pin,21520,https://www.citilink.ru/product/blok-pitaniya-chieftech-atx-850w-chieftronic-powerplay-gpu-850fc-80-go-1738008/
197,CHIEFTEC Polaris PPS-1250FC,"ATX, 12V v2.3",1250 Вт,140мм,24+2x(4+4) pin,6х(6+2) pin,13990,https://www.citilink.ru/product/blok-pitaniya-chieftech-atx-1250w-polaris-pps-1250fc-80-gold-24-2x-4-4-1737321/
198,Thermaltake Toughpower GX1 RGB,ATX,700 Вт,120мм,24+4+4 pin,2х(6+2) pin,11360,https://www.citilink.ru/product/blok-pitaniya-thermaltake-toughpower-gx1-rgb-700vt-120mm-chernyi-retai-1112451/
199,CHIEFTEC Polaris PPS-750FC,"ATX, 12V v2.4",750 Вт,120мм,24+2x(4+4) pin,4х(6+2) pin,8590,https://www.citilink.ru/product/blok-pitaniya-chieftech-atx-750w-polaris-pps-750fc-80-gold-24-2x-4-4-p-1683873/
200,Cooler Master V Gold V2 WHITE CASE,"ATX, 12V v2.52",750 Вт,135мм,24+8+4+4 pin,4х(6+2) pin,12590,https://www.citilink.ru/product/blok-pitaniya-cooler-master-v-gold-v2-white-case-750vt-120mm-belyi-ret-1468764/
201,Cooler Master MWE White V2,"ATX, 12V v2.52",550 Вт,120мм,24+4+4 pin,2х(6+2) pin,6500,https://www.citilink.ru/product/blok-pitaniya-cooler-master-mwe-white-v2-550vt-120mm-retail-mpe-5501-a-1468753/
202,HIPER HPC-550,"ATX, 12V v2.31",550 Вт,120мм,24+4+4 pin,6+2 pin,3810,https://www.citilink.ru/product/blok-pitaniya-hiper-atx-550w-hpc-550-80-24-4-4pin-apfc-120mm-fan-4xsat-1808435/
203,Thermaltake Toughpower GF2 ARGB,"ATX, 12V v2.4",850 Вт,140мм,24+2x(4+4) pin,6х(6+2) pin,17190,https://www.citilink.ru/product/blok-pitaniya-thermaltake-atx-850w-toughpower-gf2-argb-80-gold-24-4-4p-1720306/
204,CHIEFTEC Proton BDF-850C,"ATX, 12V v2.3",850 Вт,140мм,24+4+4 pin,6х(6+2) pin,10040,https://www.citilink.ru/product/blok-pitaniya-chieftech-atx-850w-proton-bdf-850c-80-bronze-24-4-4pin-a-1683882/
205,CHIEFTEC PowerUp GPX-650FC,"ATX, 12V v2.53",650 Вт,120мм,24+2x(4+4) pin,2х(6+2) pin,8850,https://www.citilink.ru/product/blok-pitaniya-chieftech-atx-650w-powerup-gpx-650fc-80-gold-24-2x-4-4-p-1737357/
206,HIPER HPC-500,"ATX, 12V v2.31",500 Вт,120мм,24+4+4 pin,6+2 pin,3550,https://www.citilink.ru/product/blok-pitaniya-hiper-atx-500w-hpc-500-80-24-4-4pin-apfc-120mm-fan-4xsat-1808434/
207,Zalman ZM1200-ARX,"ATX, 12V v2.3",1200 Вт,135мм,20+4 pin,8х(6+2) pin,24140,https://www.citilink.ru/product/blok-pitaniya-zalman-atx-1200w-zm1200-arx-80-platinum-20-4pin-apfc-135-1774491/
208,Thermaltake Toughpower iRGB Plus,"ATX, 12V v2.4",1050 Вт,140мм,24+2x(4+4) pin,8х(6+2) pin,27490,https://www.citilink.ru/product/blok-pitaniya-thermaltake-toughpower-irgb-plus-1050vt-140mm-chernyi-re-492778/
209,Zalman ZM850-TMX,"ATX, 12V v2.3",850 Вт,120мм,24+4+4 pin,6х(6+2) pin,12340,https://www.citilink.ru/product/blok-pitaniya-zalman-atx-850w-zm850-tmx-80-gold-20-4pin-apfc-120mm-fan-1831303/
210,HIPER HPB-850FMK2,"ATX, 12V v2.31",850 Вт,120мм,24+4+4 pin,6х(6+2) pin,9400,https://www.citilink.ru/product/blok-pitaniya-hiper-atx-850w-hpb-850fmk2-80-gold-24-4-4pin-apfc-120mm-1808451/
211,Accord ACC-650W-80BR,"ATX, 12V v2.31",650 Вт,120мм,24+4+4 pin,2х(6+2) pin,5780,https://www.citilink.ru/product/blok-pitaniya-accord-acc-650w-80br-650vt-120mm-chernyi-retail-405091/
212,Thermaltake Toughpower Grand TF1,ATX,1550 Вт,140мм,24+2x(4+4) pin,8х(6+2) pin,31990,https://www.citilink.ru/product/blok-pitaniya-thermaltake-atx-1500w-toughpower-grand-tf1-80-titanium-2-1486287/
213,Thermaltake Toughpower GF1 ARGB,ATX,1200 Вт,140мм,24+2x(4+4) pin,6х(6+2) pin,22180,https://www.citilink.ru/product/blok-pitaniya-thermaltake-atx-1200w-toughpower-gf1-argb-80-gold-24-4-4-1543631/
214,Aerocool AERO BRONZE,"ATX, 12V v2.52",700 Вт,120мм,24+2x(4+4) pin,4х(6+2) pin,7210,https://www.citilink.ru/product/blok-pitaniya-aerocool-atx-700w-aero-bronze-80-bronze-24-4-4pin-apfc-1-1395986/
215,Cooler Master V750 Gold,"SFX, 12V v3.42",750 Вт,92мм,24+8+4+4 pin,4х(6+2) pin,15570,https://www.citilink.ru/product/blok-pitaniya-cooler-master-sfx-750w-v750-gold-80-gold-24-8-4-4pin-apf-1587784/
216,HIPER HPC-450,"ATX, 12V v2.31",450 Вт,120мм,24+4+4 pin,6+2 pin,3380,https://www.citilink.ru/product/blok-pitaniya-hiper-atx-450w-hpc-450-80-24-4-4pin-apfc-120mm-fan-4xsat-1808433/
217,Fractal Design ION SFX-L 650,"SFX, 12V v2.4",650 Вт,120мм,24+4+4 pin,2х(6+2) pin,13600,https://www.citilink.ru/product/blok-pitaniya-fractal-design-sfx-650w-ion-sfx-l-650-80-gold-24-4-4pin-1807023/
218,CHIEFTEC SteelPower BDK-750FC,"ATX, 12V v2.3",750 Вт,120мм,24+4+4 pin,4х(6+2) pin,8290,https://www.citilink.ru/product/blok-pitaniya-chieftech-atx-750w-steelpower-bdk-750fc-80-bronze-24-4-4-1737331/
219,HIPER HPB-600D,"ATX, 12V v2.31",600 Вт,120мм,24+4+4 pin,2х(6+2) pin,5370,https://www.citilink.ru/product/blok-pitaniya-hiper-atx-600w-hpb-600d-80-bronze-24-4-4pin-apfc-120mm-f-1808439/
220,HIPER HPB-650D,"ATX, 12V v2.31",650 Вт,120мм,24+4+4 pin,2х(6+2) pin,5760,https://www.citilink.ru/product/blok-pitaniya-hiper-atx-650w-hpb-650d-80-bronze-24-4-4pin-apfc-120mm-f-1808440/
221,Thermaltake Toughpower Grand RGB Sync,"ATX, 12V v2.4",650 Вт,140мм,24+4+4 pin,4х(6+2) pin,13590,https://www.citilink.ru/product/blok-pitaniya-thermaltake-toughpower-grand-rgb-sync-650vt-140mm-cherny-1106489/
222,CHIEFTEC ECO GPE-700S,"ATX, 12V v2.3",700 Вт,120мм,24+4+4 pin,2х(6+2) pin,4690,https://www.citilink.ru/product/blok-pitaniya-chieftech-atx-700w-eco-gpe-700s-24-4-4pin-apfc-120mm-fan-1683880/
223,Fractal Design ION+2 560,"ATX, 12V v2.52",550 Вт,140мм,24+4+4 pin,4х(6+2) pin,12990,https://www.citilink.ru/product/blok-pitaniya-fractal-design-atx-550w-ion-2-560-80-platinum-24-4-4pin-1806986/
224,Cooler Master V Gold V2 750W,"ATX, 12V v2.52",750 Вт,135мм,24+8+4+4 pin,4х(6+2) pin,14280,https://www.citilink.ru/product/blok-pitaniya-cooler-master-v-gold-v2-750w-750vt-120mm-retail-mpy-750v-1466351/
225,CHIEFTEC CORE BBS-500S-Bulk,"ATX, 12V v2.3",500 Вт,120мм,24+4+4 pin,6+2 pin,6620,https://www.citilink.ru/product/blok-pitaniya-chieftech-atx-550w-core-bbs-500s-bulk-80-gold-24-4-4pin-1737319/
226,CHIEFTEC Solid GPP-700S,"ATX, 12V v2.3",700 Вт,120мм,24+4+4 pin,2х(6+2) pin,3990,https://www.citilink.ru/product/blok-pitaniya-chieftech-atx-700w-solid-gpp-700s-24-4-4pin-apfc-120mm-f-1737343/
227,Accord ACC-600W-80BR,"ATX, 12V v2.31",600 Вт,120мм,24+4+4 pin,2х(6+2) pin,5500,https://www.citilink.ru/product/blok-pitaniya-accord-acc-600w-80br-600vt-120mm-chernyi-retail-405090/
228,CHIEFTEC A-80 CTG-650C,"ATX, 12V v2.3",650 Вт,120мм,24+4+4 pin,2х(6+2) pin,6190,https://www.citilink.ru/product/blok-pitaniya-chieftech-atx-650w-a-80-ctg-650c-24-4-4pin-apfc-120mm-fa-1737328/
229,HIPER HPB-700D,"ATX, 12V v2.31",700 Вт,120мм,24+4+4 pin,4х(6+2) pin,5460,https://www.citilink.ru/product/blok-pitaniya-hiper-atx-700w-hpb-700d-80-bronze-24-4-4pin-apfc-120mm-f-1808441/
230,Thermaltake Toughpower GX1 RGB,ATX,600 Вт,120мм,24+4+4 pin,2х(6+2) pin,10690,https://www.citilink.ru/product/blok-pitaniya-thermaltake-toughpower-gx1-rgb-600vt-120mm-chernyi-retai-1112448/
231,Thermaltake Toughpower SFX 650,"SFX, 12V v2.3",650 Вт,90мм,24+4+4 pin,2х(6+2) pin,13720,https://www.citilink.ru/product/blok-pitaniya-thermaltake-sfx-650w-sfx-650-24-4-4pin-apfc-90mm-fan-3xs-1685957/
232,CHIEFTEC Proton BDF-1000C,"ATX, 12V v2.3",1000 Вт,140мм,24+4+4 pin,6х(6+2) pin,11290,https://www.citilink.ru/product/blok-pitaniya-chieftech-atx-1000w-polaris-bdf-1000c-80-bronze-24-4-4pi-1737322/
233,CHIEFTEC PowerUp GPX-550FC,"ATX, 12V v2.53",550 Вт,120мм,24+2x(4+4) pin,2х(6+2) pin,9900,https://www.citilink.ru/product/blok-pitaniya-chieftech-atx-550w-powerup-gpx-550fc-80-gold-24-2x-4-4-p-1737355/
234,Zalman ZM700-EBTII,"ATX, 12V v2.31",700 Вт,135мм,20+4 pin,5х(6+2) pin,11970,https://www.citilink.ru/product/blok-pitaniya-zalman-atx-800w-zm700-ebtii-80-gold-20-4pin-apfc-135mm-f-1774659/
235,GMNG PSU-550W-80BR,"ATX, 12V v2.3",550 Вт,120мм,24+4+4 pin,2х(6+2) pin,4190,https://www.citilink.ru/product/blok-pitaniya-oklik-atx-550w-psu-550w-80br-24-4-4pin-120mm-fan-3xsata-1806868/
236,QDION Q-DION QD600-PNR 80+,"ATX, 12V v2.31",600 Вт,120мм,24+4+4 pin,6+2 pin,4550,https://www.citilink.ru/product/blok-pitaniya-fsp-q-dion-qd600-pnr-80-600vt-120mm-qd-600-pnr-80-1131925/
237,Thermaltake Toughpower PF1 ARGB,"ATX, 12V v2.31",1050 Вт,140мм,24+2x(4+4) pin,8х(6+2) pin,23190,https://www.citilink.ru/product/blok-pitaniya-thermaltake-atx-1050w-toughpower-pf1-argb-80-platinum-24-1512152/
238,Fractal Design ION 550,"ATX, 12V v2.52",550 Вт,140мм,24+4+4 pin,2х(6+2) pin,9620,https://www.citilink.ru/product/blok-pitaniya-fractal-design-atx-550w-ion-550-80-gold-24-4-4pin-apfc-1-1806871/
239,Thermaltake Toughpower GF1 ARGB,"ATX, 12V v2.4",750 Вт,140мм,24+4+4 pin,4х(6+2) pin,15950,https://www.citilink.ru/product/blok-pitaniya-thermaltake-toughpower-gf1-argb-750vt-140mm-chernyi-reta-1162057/
240,Cooler Master XG850 PLATINUM Plus,"ATX, 12V v2.52",850 Вт,135мм,24+8+4+4 pin,6х(6+2) pin,22990,https://www.citilink.ru/product/blok-pitaniya-cooler-master-atx-850w-xg850-plus-80-platinum-24-8-4-4pi-1847045/
241,Cooler Master XG850,"ATX, 12V v2.52",850 Вт,135мм,24+8+4+4 pin,6х(6+2) pin,16890,https://www.citilink.ru/product/blok-pitaniya-cooler-master-atx-850w-xg850-plus-80-platinum-24-8-4-4pi-1847046/
242,CHIEFTEC Polaris PPS-850FC,"ATX, 12V v2.3",850 Вт,140мм,24+2x(4+4) pin,4х(6+2) pin,10890,https://www.citilink.ru/product/blok-pitaniya-chieftech-atx-850w-polaris-pps-850fc-80-gold-24-2x-4-4-p-1737326/
243,HIPER HPB-750D,"ATX, 12V v2.31",750 Вт,120мм,24+4+4 pin,4х(6+2) pin,5880,https://www.citilink.ru/product/blok-pitaniya-hiper-atx-750w-hpb-750d-80-bronze-24-4-4pin-apfc-120mm-f-1808443/
244,Thermaltake Toughpower PF1,"ATX, 12V v2.31",1050 Вт,140мм,24+8+4+4 pin,8х(6+2) pin,20000,https://www.citilink.ru/product/blok-pitaniya-thermaltake-atx-1050w-toughpower-pf1-80-platinum-24-2x-4-1806027/
245,CHIEFTEC Photon Gold GDP-650C-RGB,"ATX, 12V v2.3",650 Вт,140мм,24+4+4 pin,4х(6+2) pin,7190,https://www.citilink.ru/product/blok-pitaniya-chieftech-atx-650w-photon-gold-gdp-650c-rgb-24-4-4pin-ap-1737345/
246,CHIEFTEC iArena GPA-700S,"ATX, 12V v2.3",700 Вт,120мм,24+4+4 pin,2х(6+2) pin,5330,https://www.citilink.ru/product/blok-pitaniya-chieftech-atx-700w-iarena-gpa-700s-24-4-4pin-apfc-120mm-1737325/
247,CHIEFTEC Polaris PPS-1050FC,"ATX, 12V v2.3",1050 Вт,140мм,24+2x(4+4) pin,6х(6+2) pin,16190,https://www.citilink.ru/product/blok-pitaniya-chieftech-atx-1050w-polaris-pps-1050fc-80-gold-24-2x-4-4-1737316/
248,Formula FX-500,ATX,500 Вт,120мм,24+4+4 pin,6+2 pin,3070,https://www.citilink.ru/product/blok-pitaniya-formula-atx-500w-fx-500-24-4-4pin-apfc-120mm-fan-3xsata-1868503/
249,Fractal Design ION SFX-L 500,"SFX, 12V v2.4",500 Вт,120мм,24+4+4 pin,2х(6+2) pin,9820,https://www.citilink.ru/product/blok-pitaniya-fractal-design-sfx-500w-ion-sfx-l-500-80-gold-24-4-4pin-1807018/
250,Thermaltake Toughpower GF2 ARGB,"ATX, 12V v2.4",650 Вт,140мм,24+4+4 pin,4х(6+2) pin,14750,https://www.citilink.ru/product/blok-pitaniya-thermaltake-atx-650w-toughpower-gf2-argb-80-gold-24-4-4p-1720296/
251,Cooler Master M2000,"ATX, 12V v2.52",2000 Вт,135мм,24+8+4+4 pin,18x(6+2)pin,44590,https://www.citilink.ru/product/blok-pitaniya-cooler-master-atx-2000w-m2000-80-platinum-24-8-4-4pin-ap-1847038/
252,CHIEFTEC SMART SFX-350BS,"SFX, 12V v2.3",350 Вт,80мм,24+4+4 pin,отсутствует,4670,https://www.citilink.ru/product/blok-pitaniya-chieftech-atx-350w-smart-sfx-350bs-24-4-4pin-apfc-80mm-f-1737352/
253,Zalman ZM750-ARX,"ATX, 12V v2.31",750 Вт,135мм,20+4 pin,4х(6+2) pin,13030,https://www.citilink.ru/product/blok-pitaniya-zalman-atx-750w-zm750-arx-80-platinum-20-4pin-apfc-135mm-1129023/
254,CHIEFTEC Silicon SLC-1000C,"ATX, 12V v2.3",1000 Вт,140мм,24+4+4 pin,6х(6+2) pin,10290,https://www.citilink.ru/product/blok-pitaniya-chieftech-atx-1000w-silicon-slc-1000c-80-bronze-24-4-4pi-1737323/
255,Zalman ZM1000-TMX,"ATX, 12V v2.3",1000 Вт,120мм,24+4+4 pin,6х(6+2) pin,14310,https://www.citilink.ru/product/blok-pitaniya-zalman-atx-1000w-zm1000-tmx-80-gold-20-4pin-apfc-120mm-f-1830436/
256,Fractal Design ION+2 660,"ATX, 12V v2.52",650 Вт,140мм,24+4+4 pin,4х(6+2) pin,14620,https://www.citilink.ru/product/blok-pitaniya-fractal-design-atx-650w-ion-2-660-80-platinum-24-4-4pin-1806989/
257,CHIEFTEC Element ELP-700S,"ATX, 12V v2.3",700 Вт,120мм,24+4+4 pin,2х(6+2) pin,5260,https://www.citilink.ru/product/blok-pitaniya-chieftech-atx-700w-element-elp-700s-24-4-4pin-apfc-120mm-1738001/
258,Cooler Master V550 Gold,"SFX, 12V v3.42",550 Вт,92мм,24+8+4+4 pin,4х(6+2) pin,14690,https://www.citilink.ru/product/blok-pitaniya-cooler-master-sfx-550w-v550-gold-80-gold-24-8-4-4pin-apf-1587787/
259,Thermaltake Toughpower GF2 ARGB,"ATX, 12V v2.4",750 Вт,140мм,24+4+4 pin,4х(6+2) pin,12890,https://www.citilink.ru/product/blok-pitaniya-thermaltake-atx-750w-toughpower-gf2-argb-80-gold-24-4-4p-1720303/
260,Cooler Master XG750,"ATX, 12V v2.52",750 Вт,135мм,24+8+4+4 pin,4х(6+2) pin,16990,https://www.citilink.ru/product/blok-pitaniya-cooler-master-atx-850w-xg750-80-platinum-24-8-4-4pin-apf-1847047/
261,CHIEFTEC VALUE APB-700B8,"ATX, 12V v2.3",700 Вт,120мм,24+4+4 pin,6+2 pin,3990,https://www.citilink.ru/product/blok-pitaniya-chieftec-atx-700w-value-80-24-4-4pin-apfc-120mm-fan-4xsa-1911235/
262,Cooler Master MWE 400 V2,"ATX, 12V v2.52",400 Вт,120мм,24+4+4 pin,6+2 pin,5910,https://www.citilink.ru/product/blok-pitaniya-cooler-master-mwe-400-v2-400vt-120mm-chernyi-retail-mpe-1446019/
263,Cooler Master MWE Bronze 450W V2,"ATX, 12V v2.52",450 Вт,120мм,24+4+4 pin,2х(6+2) pin,5990,https://www.citilink.ru/product/blok-pitaniya-cooler-master-mwe-bronze-450w-v2-450vt-120mm-chernyi-ret-1446028/
264,CHIEFTEC Photon Gold GDP-750C-RGB,"ATX, 12V v2.3",750 Вт,140мм,24+4+4 pin,4х(6+2) pin,7390,https://www.citilink.ru/product/blok-pitaniya-chieftech-atx-750w-photon-gold-gdp-750c-rgb-24-4-4pin-ap-1737329/
265,CHIEFTEC ECO GPE-600S,"ATX, 12V v2.3",600 Вт,120мм,24+4+4 pin,2х(6+2) pin,4490,https://www.citilink.ru/product/blok-pitaniya-chieftech-atx-600w-eco-gpe-600s-24-4-4pin-apfc-120mm-fan-1737346/
266,Formula FX-450,ATX,450 Вт,120мм,24+4+4 pin,6+2 pin,2980,https://www.citilink.ru/product/blok-pitaniya-formula-atx-450w-fx-450-24-4-4pin-apfc-120mm-fan-3xsata-1868499/
267,Formula FX-550,ATX,550 Вт,120мм,24+4+4 pin,6+2 pin,3790,https://www.citilink.ru/product/blok-pitaniya-formula-atx-550w-fx-550-24-4-4pin-apfc-120mm-fan-3xsata-1868510/
268,Formula FX-650,ATX,650 Вт,120мм,24+4+4 pin,2х(6+2) pin,4420,https://www.citilink.ru/product/blok-pitaniya-formula-atx-650w-fx-650-24-4-4pin-apfc-120mm-fan-4xsata-1868519/
269,Cooler Master V Gold V2 White Case,"ATX, 12V v2.52",650 Вт,135мм,24+8+4+4 pin,4х(6+2) pin,11890,https://www.citilink.ru/product/blok-pitaniya-cooler-master-atx-650w-v-gold-v2-white-case-80-gold-24-8-1847041/
270,Formula FX-400,ATX,400 Вт,120мм,24+4+4 pin,6 pin,2620,https://www.citilink.ru/product/blok-pitaniya-formula-atx-400w-fx-400-24-4-4pin-apfc-120mm-fan-3xsata-1868497/
271,HIPER HPB-600FMK2,"ATX, 12V v2.31",600 Вт,120мм,24+4+4 pin,6х(6+2) pin,7540,https://www.citilink.ru/product/blok-pitaniya-hiper-atx-600w-hpb-600fmk2-80-gold-24-4-4pin-apfc-120mm-1808444/
272,DeepCool PK850D,ATX,850 Вт,120мм,24+2x(4+4) pin,3х(6+2) pin,7590,https://www.citilink.ru/product/blok-pitaniya-deepcool-atx-850w-pk850d-80-bronze-24-2x-4-4-pin-apfc-12-1892498/
273,Formula FX-600,ATX,600 Вт,120мм,24+4+4 pin,2х(6+2) pin,3930,https://www.citilink.ru/product/blok-pitaniya-formula-atx-600w-fx-600-24-4-4pin-apfc-120mm-fan-3xsata-1868512/
274,Formula FX-700,ATX,700 Вт,120мм,24+4+4 pin,2х(6+2) pin,4630,https://www.citilink.ru/product/blok-pitaniya-formula-atx-700w-fx-700-24-4-4pin-apfc-120mm-fan-7xsata-1868531/
275,Thermaltake Toughpower iRGB Plus,"ATX, 12V v2.4",750 Вт,140мм,24+4+4 pin,4х(6+2) pin,17970,https://www.citilink.ru/product/blok-pitaniya-thermaltake-toughpower-irgb-plus-750vt-140mm-chernyi-ret-1136885/
276,CHIEFTEC VALUE APB-600B8,"ATX, 12V v2.3",600 Вт,120мм,24+4+4 pin,6+2 pin,3890,https://www.citilink.ru/product/blok-pitaniya-chieftec-atx-600w-value-80-24-4-4pin-apfc-120mm-fan-4xsa-1911236/
277,CHIEFTEC Proton BDF-600S-Bulk,"ATX, 12V v2.3",600 Вт,120мм,24+4+4 pin,2х(6+2) pin,6460,https://www.citilink.ru/product/blok-pitaniya-chieftech-atx-600w-proton-bdf-600s-bulk-80-bronze-24-4-4-1736918/
278,CHIEFTEC Silicon SLC-850C,"ATX, 12V v2.3",850 Вт,140мм,24+4+4 pin,6х(6+2) pin,9390,https://www.citilink.ru/product/blok-pitaniya-chieftech-atx-850w-silicon-slc-850c-80-bronze-24-4-4pin-1737330/
279,Cooler Master XG650,"ATX, 12V v2.52",650 Вт,135мм,24+8+4+4 pin,4х(6+2) pin,14990,https://www.citilink.ru/product/blok-pitaniya-cooler-master-atx-650w-xg650-80-platinum-24-8-4-4pin-apf-1847048/
280,CHIEFTEC Photon CTG-750C-RGB,"ATX, 12V v2.3",750 Вт,120мм,24+4+4 pin,4х(6+2) pin,6990,https://www.citilink.ru/product/blok-pitaniya-chieftech-atx-750w-photon-ctg-750c-rgb-24-4-4pin-apfc-12-1737341/
281,DeepCool PF650,"ATX, 12V v2.4",650 Вт,120мм,24+2x(4+4) pin,4х(6+2) pin,3990,https://www.citilink.ru/product/blok-pitaniya-deepcool-atx-650w-pf650-80-plus-white-20-4pin-apfc-120mm-1781869/
282,Thermaltake LT-550P,"ATX, 12V v2.3",550 Вт,120мм,24+4+4 pin,2х(6+2) pin,4680,https://www.citilink.ru/product/blok-pitaniya-thermaltake-lt-550p-550vt-120mm-chernyi-retail-lt-0550p-365375/
283,Thermaltake LT-650P,"ATX, 12V v2.3",650 Вт,120мм,24+4+4 pin,2х(6+2) pin,4790,https://www.citilink.ru/product/blok-pitaniya-thermaltake-lt-650p-650vt-120mm-chernyi-retail-ltp-0650p-305161/
284,Formula FX-350,ATX,350 Вт,120мм,24+4+4 pin,?,2150,https://www.citilink.ru/product/blok-pitaniya-formula-atx-350w-fx-350-24-4-4pin-apfc-120mm-fan-3xsata-1866084/
285,Aerocool VX PLUS 600W,?,?,?,?,?,1950,https://www.citilink.ru/product/blok-pitaniya-aerocool-vx-plus-600w-600vt-120mm-chernyi-retail-vx-600-M00262509/
286,GIGABYTE AORUS GP-AP850GM,?,?,?,?,?,6209,https://www.citilink.ru/product/blok-pitaniya-gigabyte-aorus-gp-ap850gm-850vt-135mm-chernyi-retail-vos-M00257853/
287,Thermaltake Toughpower GX1 RGB,?,?,?,?,?,6083,https://www.citilink.ru/product/blok-pitaniya-thermaltake-toughpower-gx1-rgb-700vt-120mm-chernyi-retai-M00257670/
288,?,?,?,?,?,?,8204,https://www.citilink.ru/product/blok-pitaniya-fractal-design-atx-850w-ion-2-860-80-platinum-24-2x-4-4-M00257235/
289,?,?,?,?,?,?,4684,https://www.citilink.ru/product/blok-pitaniya-hiper-atx-800w-hpb-800fmk2-80-gold-24-4-4pin-apfc-120mm-M00257233/
290,?,?,?,?,?,?,4025,https://www.citilink.ru/product/blok-pitaniya-seasonic-atx-500w-core-gm-500-ssr-500lm-80-gold-24-4-4pi-M00256439/
291,Aerocool ECO-400,?,?,?,?,?,872,https://www.citilink.ru/product/blok-pitaniya-aerocool-eco-400-400vt-120mm-retail-b-u-M00250049/
292,CHIEFTEC PowerPlay GPU-1200FC,"ATX, 12V v2.53",1200 Вт,140мм,24+4+4 pin,4х(6+2) pin,22280,https://www.citilink.ru/product/blok-pitaniya-chieftec-atx-1200w-powerplay-80-platinum-24-4-4pin-apfc-1911237/
293,Accord ACC-650W-NP,ATX,650 Вт,120мм,24+4+4 pin,6+2 pin,3310,https://www.citilink.ru/product/blok-pitaniya-accord-atx-650w-acc-650w-np-24-4-4pin-120mm-fan-4xsata-1897202/
294,Formula FX-800,ATX,800 Вт,120мм,24+4+4 pin,4х(6+2) pin,5650,https://www.citilink.ru/product/blok-pitaniya-formula-atx-800w-fx-800-24-4-4pin-apfc-120mm-fan-4xsata-1868556/
295,Formula FX-750,ATX,750 Вт,120мм,24+4+4 pin,2х(6+2) pin,4920,https://www.citilink.ru/product/blok-pitaniya-formula-atx-750w-fx-750-24-4-4pin-apfc-120mm-fan-7xsata-1868548/
296,Thermaltake Toughpower GF3 Gen.5,ATX,1200 Вт,140мм,24+4+4 pin,4х(6+2) + 16 pin,20990,https://www.citilink.ru/product/blok-pitaniya-thermaltake-atx-1200w-toughpower-gf3-80-gold-24-4-4pin-a-1862347/
297,HIPER HPB-550D,"ATX, 12V v2.31",550 Вт,120мм,24+4+4 pin,2х(6+2) pin,5070,https://www.citilink.ru/product/blok-pitaniya-hiper-atx-650w-hpb-550d-80-bronze-24-4-4pin-apfc-120mm-f-1808438/
298,HIPER HPC-600,"ATX, 12V v2.31",600 Вт,120мм,24+4+4 pin,6+2 pin,3900,https://www.citilink.ru/product/blok-pitaniya-hiper-atx-600w-hpc-600-80-24-4-4pin-apfc-120mm-fan-4xsat-1808436/
299,HIPER HPM-600,"ATX, 12V v2.31",600 Вт,120мм,24+4+4 pin,6+2 pin,2900,https://www.citilink.ru/product/blok-pitaniya-hiper-atx-600w-hpm-600-24-4-4pin-ppfc-120mm-fan-3xsata-1808432/
300,HIPER HPM-500,"ATX, 12V v2.31",500 Вт,120мм,24+4+4 pin,6+2 pin,2730,https://www.citilink.ru/product/blok-pitaniya-hiper-atx-500w-hpm-500-24-4-4pin-ppfc-120mm-fan-3xsata-1808431/
301,GMNG PSU-500W-80+,"ATX, 12V v2.3",500 Вт,120мм,24+4+4 pin,2х(6+2) pin,3190,https://www.citilink.ru/product/blok-pitaniya-oklik-atx-500w-psu-500w-80-24-4-4pin-120mm-fan-3xsata-rt-1806861/
302,Thermaltake Toughpower PF1,"ATX, 12V v2.4",1200 Вт,140мм,24+8+4+4 pin,8х(6+2) pin,20790,https://www.citilink.ru/product/blok-pitaniya-thermaltake-atx-1200w-toughpower-pf1-80-platinum-24-4-4p-1806028/
303,DeepCool PF500,ATX,500 Вт,120мм,24+2x(4+4) pin,2х(6+2) pin,3130,https://www.citilink.ru/product/blok-pitaniya-deepcool-atx-500w-pf500-80-plus-white-20-4pin-apfc-120mm-1781873/
304,DeepCool PF700,ATX,700 Вт,120мм,24+2x(4+4) pin,4х(6+2) pin,4150,https://www.citilink.ru/product/blok-pitaniya-deepcool-atx-700w-pf700-80-plus-white-20-4pin-apfc-120mm-1781868/
305,CHIEFTEC Force CPS-650S,"ATX, 12V v2.3",650 Вт,120мм,24+4+4 pin,2х(6+2) pin,6100,https://www.citilink.ru/product/blok-pitaniya-chieftech-atx-650w-force-cps-650s-24-4-4pin-apfc-120mm-f-1737363/
306,CHIEFTEC Force CPS-500S,"ATX, 12V v2.3",500 Вт,120мм,24+4+4 pin,2х(6+2) pin,3840,https://www.citilink.ru/product/blok-pitaniya-chieftech-atx-500w-force-cps-500s-24-4-4pin-apfc-120mm-f-1737359/
307,Thermaltake Toughpower GF1,ATX,850 Вт,140мм,24+4+4 pin,6х(6+2) pin,12740,https://www.citilink.ru/product/blok-pitaniya-thermaltake-atx-850w-toughpower-gf1-80-gold-24-4-4pin-ap-1720287/
308,Cooler Master MWE  Gold V2,"ATX, 12V v2.52",1250 Вт,140мм,24+8+4+4 pin,8х(6+2) pin,24240,https://www.citilink.ru/product/blok-pitaniya-cooler-master-atx-1250w-mwe-gold-v2-80-gold-24-8-4-4pin-1644643/
309,Corsair TX750M,"ATX, 12V v2.4",750 Вт,140мм,24+4+4 pin,4х(6+2) pin,14810,https://www.citilink.ru/product/blok-pitaniya-corsair-atx-750w-tx750m-80-gold-24-4-4pin-apfc-120mm-fan-1616547/
310,Cooler Master Gold V2,"ATX, 12V v2.52",850 Вт,120мм,24+8+4+4 pin,4х(6+2) pin,14240,https://www.citilink.ru/product/blok-pitaniya-cooler-master-atx-850w-gold-v2-80-gold-24-8-4-4pin-apfc-1536156/
311,GIGABYTE GP-P1000GM,"ATX, 12V v2.31",1000 Вт,120мм,24+4+4 pin,6х(6+2) pin,15550,https://www.citilink.ru/product/blok-pitaniya-gigabyte-atx-1000w-gp-p1000gm-80-gold-24-4-4pin-apfc-120-1496751/
312,LinkWorld LW-750B,"ATX, 12V v2.52",750 Вт,120мм,24+2x(4+4) pin,4х(6+2) pin,5750,https://www.citilink.ru/product/blok-pitaniya-linkworld-atx-750w-lw-750b-80-24-8-4-4pin-apfc-120mm-fan-1484269/
313,Corsair RM750X,"ATX, 12V v2.4",750 Вт,135мм,24+2x(4+4) pin,4х(6+2) pin,10990,https://www.citilink.ru/product/blok-pitaniya-corsair-rm750x-750vt-140mm-chernyi-retail-cp-9020179-eu-1445081/
314,Thermaltake Toughpower iRGB Plus,"ATX, 12V v2.4",1000 Вт,140мм,24+8+4+4 pin,6х(6+2) pin,18800,https://www.citilink.ru/product/blok-pitaniya-thermaltake-atx-1000w-toughpower-irgb-plus-80-gold-24-4-1408282/
315,Thermaltake Toughpower Grand DPS G,"ATX, 12V v2.4",650 Вт,140мм,24+4+4 pin,4х(6+2) pin,9990,https://www.citilink.ru/product/blok-pitaniya-thermaltake-atx-650w-toughpower-grand-dps-g-80-gold-24-4-1399647/
316,Aerocool KCAS PLUS 1000GM,"ATX, 12V v2.4",1000 Вт,140мм,24+8+4+4 pin,6х(6+2) pin,11430,https://www.citilink.ru/product/blok-pitaniya-aerocool-atx-1000w-kcas-1000gm-80-bronze-24-4-4pin-apfc-1203590/
317,Seasonic PRIME TX-650,"ATX, 12V",650 Вт,135мм,24+4+4 pin,4х(6+2) pin,27690,https://www.citilink.ru/product/blok-pitaniya-seasonic-prime-tx-650-650vt-135mm-chernyi-retail-tx-650-1199727/
318,CHIEFTEC SMART SFX-450BS,"SFX, 12V v2.3",450 Вт,80мм,20+4 pin,6+2 pin,4740,https://www.citilink.ru/product/blok-pitaniya-chieftech-atx-450w-smart-sfx-450bs-20-4pin-apfc-80mm-fan-1128257/
319,Thermaltake Toughpower GX1 RGB,"ATX, 12V v2.3",500 Вт,120мм,24+4+4 pin,2х(6+2) pin,9810,https://www.citilink.ru/product/blok-pitaniya-thermaltake-toughpower-gx1-rgb-500vt-120mm-chernyi-retai-1112444/
320,Seasonic SSR-600TL,"ATX, 12V",600 Вт,?,24+4+4 pin,3х(6+2) pin,32710,https://www.citilink.ru/product/blok-pitaniya-seasonic-ssr-600tl-600vt-chernyi-retail-1082010/
321,Hipro (HIPO DIGI) HPA-500W,"ATX, 12V v2.31",500 Вт,120мм,24+4+4 pin,6 pin + (6+2) pin,4290,https://www.citilink.ru/product/blok-pitaniya-hipro-hipo-digi-hpa-500w-500vt-120mm-hpa500-737090/
322,LinkWorld LW6-600,ATX,600 Вт,120мм,24+4 pin,отсутствует,2810,https://www.citilink.ru/product/blok-pitaniya-linkworld-lw6-600-600vt-120mm-retail-lw6-600w-511004/
323,Thermaltake SMART PRO RGB,"ATX, 12V v2.4",850 Вт,140мм,24+4+4 pin,4х(6+2) pin,13490,https://www.citilink.ru/product/blok-pitaniya-thermaltake-smart-pro-rgb-850vt-140mm-chernyi-retail-ps-428839/
324,Hipro (HIPO DIGI) HPP-600W,"ATX, 12V v2.3",600 Вт,120мм,24+4+4 pin,2х(6+2) pin,4570,https://www.citilink.ru/product/blok-pitaniya-hipro-hipo-digi-hpp-600w-600vt-120mm-seryi-hpp600-408455/
325,Hipro (HIPO DIGI) HPP-500W,"ATX, 12V v2.3",500 Вт,120мм,24+4+4 pin,6+2 pin,3950,https://www.citilink.ru/product/blok-pitaniya-hipro-hipo-digi-hpp-500w-500vt-120mm-seryi-hpp500-408454/
326,Thermaltake TR2 S,"ATX, 12V v2.3",650 Вт,120мм,24+4+4 pin,2х(6+2) pin,6350,https://www.citilink.ru/product/blok-pitaniya-thermaltake-tr2-s-650vt-120mm-chernyi-retail-ps-trs-0650-365400/
327,Thermaltake TR2 S,"ATX, 12V v2.3",550 Вт,120мм,24+4+4 pin,2х(6+2) pin,5130,https://www.citilink.ru/product/blok-pitaniya-thermaltake-tr2-s-550vt-120mm-chernyi-retail-ps-trs-0550-365398/
328,LinkWorld LW2-500W case,ATX,500 Вт,80мм,24+4 pin,отсутствует,2730,https://www.citilink.ru/product/blok-pitaniya-linkworld-lw2-500w-case-500vt-80mm-retail-80351/
329,LinkWorld LW2-450W,ATX,450 Вт,80мм,24+4 pin,отсутствует,2860,https://www.citilink.ru/product/blok-pitaniya-linkworld-lw2-450w-450vt-80mm-retail-78790/
330,CHIEFTEC A-80 CTG-750C,"ATX, 12V v2.3",750 Вт,120мм,24+4+4 pin,2х(6+2) pin,?,https://www.citilink.ru/product/blok-pitaniya-chieftech-atx-750w-a-80-ctg-750c-24-4-4pin-apfc-120mm-fa-1683868/
331,CHIEFTEC SMART GPS-500A8,"ATX, 12V v2.3",500 Вт,120мм,24+4+4 pin,6+2 pin,?,https://www.citilink.ru/product/blok-pitaniya-chieftech-atx-500w-smart-gps-500a8-24-4-4pin-apfc-120mm-1737348/
332,CHIEFTEC Solid GPP-500S,"ATX, 12V v2.3",500 Вт,120мм,24+4+4 pin,6+2 pin,?,https://www.citilink.ru/product/blok-pitaniya-chieftech-atx-500w-solid-gpp-500s-24-4-4pin-apfc-120mm-f-1737320/
333,Aerocool KCAS PLUS 800,?,?,?,?,6+2 pin,?,https://www.citilink.ru/product/blok-pitaniya-aerocool-kcas-plus-800-800vt-120mm-chernyi-retail-kcas-8-M00256431/
334,SEASONIC PRIME PX-1000,?,?,?,?,6+2 pin,?,https://www.citilink.ru/product/blok-pitaniya-seasonic-prime-px-1000-1000vt-135mm-chernyi-retail-ssr-1-M00235199/
335,GMNG PSU-600W-80+,"ATX, 12V v2.3",600 Вт,120мм,24+4+4 pin,2х(6+2) pin,?,https://www.citilink.ru/product/blok-pitaniya-oklik-atx-600w-psu-600w-80-24-4-4pin-120mm-fan-3xsata-rt-1806863/
